rho,seed,steps,k_opt_mean,k_opt_var,k_opt_med,k_opt_p90,sigma_min_Ag,infeasible_rate,solve_ms_mean,solve_ms_total,success,npz_path
0.001,0,400,40.0,0.0,40.0,40.0,7.654798558867977e-05,0.05,138.7762177476543,55510.48709906172,0,c:/Users/yelim/Desktop/paper/cdc2026/choose-wisely-paper-main/logs/reacher_cdc_adaptive_k_noise0_Kmax2000_seed10\run_adaptive_rho_waypoint_K040_rho0.001_Kmin40_Kmax2000_Kstep10_gmin1e-06_seed000.npz
0.001,1,400,40.0,0.0,40.0,40.0,0.0001161711938202013,0.065,137.7375737472903,55095.02949891612,0,c:/Users/yelim/Desktop/paper/cdc2026/choose-wisely-paper-main/logs/reacher_cdc_adaptive_k_noise0_Kmax2000_seed10\run_adaptive_rho_waypoint_K040_rho0.001_Kmin40_Kmax2000_Kstep10_gmin1e-06_seed001.npz
0.001,2,400,40.0,0.0,40.0,40.0,7.427913291403798e-05,0.0525,138.59327924874378,55437.31169949751,0,c:/Users/yelim/Desktop/paper/cdc2026/choose-wisely-paper-main/logs/reacher_cdc_adaptive_k_noise0_Kmax2000_seed10\run_adaptive_rho_waypoint_K040_rho0.001_Kmin40_Kmax2000_Kstep10_gmin1e-06_seed002.npz
0.001,3,400,40.0,0.0,40.0,40.0,9.43220370722327e-05,0.0525,140.93011425284203,56372.04570113681,1,c:/Users/yelim/Desktop/paper/cdc2026/choose-wisely-paper-main/logs/reacher_cdc_adaptive_k_noise0_Kmax2000_seed10\run_adaptive_rho_waypoint_K040_rho0.001_Kmin40_Kmax2000_Kstep10_gmin1e-06_seed003.npz
0.001,4,400,40.0,0.0,40.0,40.0,7.383398111249575e-05,0.07,136.23389100044733,54493.55640017893,0,c:/Users/yelim/Desktop/paper/cdc2026/choose-wisely-paper-main/logs/reacher_cdc_adaptive_k_noise0_Kmax2000_seed10\run_adaptive_rho_waypoint_K040_rho0.001_Kmin40_Kmax2000_Kstep10_gmin1e-06_seed004.npz
0.001,5,400,40.0,0.0,40.0,40.0,0.00013541701957304895,0.0625,138.7171649991069,55486.86599964276,1,c:/Users/yelim/Desktop/paper/cdc2026/choose-wisely-paper-main/logs/reacher_cdc_adaptive_k_noise0_Kmax2000_seed10\run_adaptive_rho_waypoint_K040_rho0.001_Kmin40_Kmax2000_Kstep10_gmin1e-06_seed005.npz
0.001,6,400,40.0,0.0,40.0,40.0,0.0001241307683865675,0.03,135.2973894996103,54118.955799844116,0,c:/Users/yelim/Desktop/paper/cdc2026/choose-wisely-paper-main/logs/reacher_cdc_adaptive_k_noise0_Kmax2000_seed10\run_adaptive_rho_waypoint_K040_rho0.001_Kmin40_Kmax2000_Kstep10_gmin1e-06_seed006.npz
0.001,7,400,40.0,0.0,40.0,40.0,0.0001106049886372912,0.0675,140.73220350313932,56292.88140125573,0,c:/Users/yelim/Desktop/paper/cdc2026/choose-wisely-paper-main/logs/reacher_cdc_adaptive_k_noise0_Kmax2000_seed10\run_adaptive_rho_waypoint_K040_rho0.001_Kmin40_Kmax2000_Kstep10_gmin1e-06_seed007.npz
0.001,8,400,40.0,0.0,40.0,40.0,0.00010059314739718385,0.09,141.94118599960348,56776.47439984139,0,c:/Users/yelim/Desktop/paper/cdc2026/choose-wisely-paper-main/logs/reacher_cdc_adaptive_k_noise0_Kmax2000_seed10\run_adaptive_rho_waypoint_K040_rho0.001_Kmin40_Kmax2000_Kstep10_gmin1e-06_seed008.npz
0.001,9,400,40.0,0.0,40.0,40.0,9.914242600158878e-05,0.0625,140.98248100373894,56392.992401495576,0,c:/Users/yelim/Desktop/paper/cdc2026/choose-wisely-paper-main/logs/reacher_cdc_adaptive_k_noise0_Kmax2000_seed10\run_adaptive_rho_waypoint_K040_rho0.001_Kmin40_Kmax2000_Kstep10_gmin1e-06_seed009.npz
0.005,0,400,40.0,0.0,40.0,40.0,7.654798558867977e-05,0.0425,136.2414182498469,54496.56729993876,0,c:/Users/yelim/Desktop/paper/cdc2026/choose-wisely-paper-main/logs/reacher_cdc_adaptive_k_noise0_Kmax2000_seed10\run_adaptive_rho_waypoint_K040_rho0.005_Kmin40_Kmax2000_Kstep10_gmin1e-06_seed000.npz
0.005,1,400,40.0,0.0,40.0,40.0,0.0001161711938202013,0.065,137.9778937465744,55191.157498629764,0,c:/Users/yelim/Desktop/paper/cdc2026/choose-wisely-paper-main/logs/reacher_cdc_adaptive_k_noise0_Kmax2000_seed10\run_adaptive_rho_waypoint_K040_rho0.005_Kmin40_Kmax2000_Kstep10_gmin1e-06_seed001.npz
0.005,2,400,40.0,0.0,40.0,40.0,7.427913291403798e-05,0.0525,137.7291672519641,55091.66690078564,0,c:/Users/yelim/Desktop/paper/cdc2026/choose-wisely-paper-main/logs/reacher_cdc_adaptive_k_noise0_Kmax2000_seed10\run_adaptive_rho_waypoint_K040_rho0.005_Kmin40_Kmax2000_Kstep10_gmin1e-06_seed002.npz
0.005,3,400,40.0,0.0,40.0,40.0,9.43220370722327e-05,0.0525,141.3794345027418,56551.773801096715,1,c:/Users/yelim/Desktop/paper/cdc2026/choose-wisely-paper-main/logs/reacher_cdc_adaptive_k_noise0_Kmax2000_seed10\run_adaptive_rho_waypoint_K040_rho0.005_Kmin40_Kmax2000_Kstep10_gmin1e-06_seed003.npz
0.005,4,400,40.0,0.0,40.0,40.0,5.8845438750685675e-05,0.0675,136.95927275257418,54783.70910102967,0,c:/Users/yelim/Desktop/paper/cdc2026/choose-wisely-paper-main/logs/reacher_cdc_adaptive_k_noise0_Kmax2000_seed10\run_adaptive_rho_waypoint_K040_rho0.005_Kmin40_Kmax2000_Kstep10_gmin1e-06_seed004.npz
0.005,5,400,40.0,0.0,40.0,40.0,0.00013541701957304895,0.0625,136.52478125004563,54609.912500018254,1,c:/Users/yelim/Desktop/paper/cdc2026/choose-wisely-paper-main/logs/reacher_cdc_adaptive_k_noise0_Kmax2000_seed10\run_adaptive_rho_waypoint_K040_rho0.005_Kmin40_Kmax2000_Kstep10_gmin1e-06_seed005.npz
0.005,6,400,40.0,0.0,40.0,40.0,0.0001241307683865675,0.03,134.96144599776017,53984.578399104066,0,c:/Users/yelim/Desktop/paper/cdc2026/choose-wisely-paper-main/logs/reacher_cdc_adaptive_k_noise0_Kmax2000_seed10\run_adaptive_rho_waypoint_K040_rho0.005_Kmin40_Kmax2000_Kstep10_gmin1e-06_seed006.npz
0.005,7,400,40.0,0.0,40.0,40.0,0.0001106049886372912,0.0625,143.65209224983118,57460.836899932474,0,c:/Users/yelim/Desktop/paper/cdc2026/choose-wisely-paper-main/logs/reacher_cdc_adaptive_k_noise0_Kmax2000_seed10\run_adaptive_rho_waypoint_K040_rho0.005_Kmin40_Kmax2000_Kstep10_gmin1e-06_seed007.npz
0.005,8,400,40.0,0.0,40.0,40.0,0.00010059314739718385,0.06,136.68123125011334,54672.49250004534,0,c:/Users/yelim/Desktop/paper/cdc2026/choose-wisely-paper-main/logs/reacher_cdc_adaptive_k_noise0_Kmax2000_seed10\run_adaptive_rho_waypoint_K040_rho0.005_Kmin40_Kmax2000_Kstep10_gmin1e-06_seed008.npz
0.005,9,400,40.0,0.0,40.0,40.0,9.914242600158878e-05,0.0625,139.53947100264486,55815.788401057944,0,c:/Users/yelim/Desktop/paper/cdc2026/choose-wisely-paper-main/logs/reacher_cdc_adaptive_k_noise0_Kmax2000_seed10\run_adaptive_rho_waypoint_K040_rho0.005_Kmin40_Kmax2000_Kstep10_gmin1e-06_seed009.npz
0.01,0,400,40.0,0.0,40.0,40.0,7.654798558867977e-05,0.05,139.7075364991906,55883.014599676244,0,c:/Users/yelim/Desktop/paper/cdc2026/choose-wisely-paper-main/logs/reacher_cdc_adaptive_k_noise0_Kmax2000_seed10\run_adaptive_rho_waypoint_K040_rho0.01_Kmin40_Kmax2000_Kstep10_gmin1e-06_seed000.npz
0.01,1,400,40.0,0.0,40.0,40.0,0.0001161711938202013,0.065,138.24716050439747,55298.86420175899,0,c:/Users/yelim/Desktop/paper/cdc2026/choose-wisely-paper-main/logs/reacher_cdc_adaptive_k_noise0_Kmax2000_seed10\run_adaptive_rho_waypoint_K040_rho0.01_Kmin40_Kmax2000_Kstep10_gmin1e-06_seed001.npz
0.01,2,400,40.0,0.0,40.0,40.0,6.508662302126212e-05,0.0375,135.54467225563712,54217.86890225485,0,c:/Users/yelim/Desktop/paper/cdc2026/choose-wisely-paper-main/logs/reacher_cdc_adaptive_k_noise0_Kmax2000_seed10\run_adaptive_rho_waypoint_K040_rho0.01_Kmin40_Kmax2000_Kstep10_gmin1e-06_seed002.npz
0.01,3,400,40.0,0.0,40.0,40.0,0.00010051376908347699,0.0625,139.1865382483229,55674.61529932916,0,c:/Users/yelim/Desktop/paper/cdc2026/choose-wisely-paper-main/logs/reacher_cdc_adaptive_k_noise0_Kmax2000_seed10\run_adaptive_rho_waypoint_K040_rho0.01_Kmin40_Kmax2000_Kstep10_gmin1e-06_seed003.npz
0.01,4,400,40.0,0.0,40.0,40.0,5.8845438750685675e-05,0.07,137.58901900291676,55035.6076011667,0,c:/Users/yelim/Desktop/paper/cdc2026/choose-wisely-paper-main/logs/reacher_cdc_adaptive_k_noise0_Kmax2000_seed10\run_adaptive_rho_waypoint_K040_rho0.01_Kmin40_Kmax2000_Kstep10_gmin1e-06_seed004.npz
0.01,5,400,40.0,0.0,40.0,40.0,0.00013541701957304895,0.0625,138.41083000123035,55364.33200049214,1,c:/Users/yelim/Desktop/paper/cdc2026/choose-wisely-paper-main/logs/reacher_cdc_adaptive_k_noise0_Kmax2000_seed10\run_adaptive_rho_waypoint_K040_rho0.01_Kmin40_Kmax2000_Kstep10_gmin1e-06_seed005.npz
0.01,6,400,40.0,0.0,40.0,40.0,0.0001241307683865675,0.03,135.24282075406518,54097.12830162607,0,c:/Users/yelim/Desktop/paper/cdc2026/choose-wisely-paper-main/logs/reacher_cdc_adaptive_k_noise0_Kmax2000_seed10\run_adaptive_rho_waypoint_K040_rho0.01_Kmin40_Kmax2000_Kstep10_gmin1e-06_seed006.npz
0.01,7,400,40.0,0.0,40.0,40.0,0.0001106049886372912,0.0675,140.16778900055215,56067.11560022086,0,c:/Users/yelim/Desktop/paper/cdc2026/choose-wisely-paper-main/logs/reacher_cdc_adaptive_k_noise0_Kmax2000_seed10\run_adaptive_rho_waypoint_K040_rho0.01_Kmin40_Kmax2000_Kstep10_gmin1e-06_seed007.npz
0.01,8,400,40.0,0.0,40.0,40.0,0.00010059314739718385,0.06,136.79231549846008,54716.926199384034,0,c:/Users/yelim/Desktop/paper/cdc2026/choose-wisely-paper-main/logs/reacher_cdc_adaptive_k_noise0_Kmax2000_seed10\run_adaptive_rho_waypoint_K040_rho0.01_Kmin40_Kmax2000_Kstep10_gmin1e-06_seed008.npz
0.01,9,400,40.0,0.0,40.0,40.0,9.914242600158878e-05,0.0625,138.53031025180826,55412.124100723304,0,c:/Users/yelim/Desktop/paper/cdc2026/choose-wisely-paper-main/logs/reacher_cdc_adaptive_k_noise0_Kmax2000_seed10\run_adaptive_rho_waypoint_K040_rho0.01_Kmin40_Kmax2000_Kstep10_gmin1e-06_seed009.npz
0.05,0,400,64.7,30266.41,40.0,40.0,5.577618750409775e-05,0.055,135.2775702488725,54111.028099549,0,c:/Users/yelim/Desktop/paper/cdc2026/choose-wisely-paper-main/logs/reacher_cdc_adaptive_k_noise0_Kmax2000_seed10\run_adaptive_rho_waypoint_K040_rho0.05_Kmin40_Kmax2000_Kstep10_gmin1e-06_seed000.npz
0.05,1,400,54.125,16255.734375,40.0,40.0,3.1279908395840227e-06,0.065,144.7828962490894,57913.158499635756,0,c:/Users/yelim/Desktop/paper/cdc2026/choose-wisely-paper-main/logs/reacher_cdc_adaptive_k_noise0_Kmax2000_seed10\run_adaptive_rho_waypoint_K040_rho0.05_Kmin40_Kmax2000_Kstep10_gmin1e-06_seed001.npz
0.05,2,400,55.55,17653.197500000006,40.0,40.0,0.0001687617701852988,0.07,137.26223900273908,54904.89560109563,0,c:/Users/yelim/Desktop/paper/cdc2026/choose-wisely-paper-main/logs/reacher_cdc_adaptive_k_noise0_Kmax2000_seed10\run_adaptive_rho_waypoint_K040_rho0.05_Kmin40_Kmax2000_Kstep10_gmin1e-06_seed002.npz
0.05,3,400,48.6,10629.54,40.0,40.0,0.00010177388396007284,0.045,139.40286049677525,55761.1441987101,0,c:/Users/yelim/Desktop/paper/cdc2026/choose-wisely-paper-main/logs/reacher_cdc_adaptive_k_noise0_Kmax2000_seed10\run_adaptive_rho_waypoint_K040_rho0.05_Kmin40_Kmax2000_Kstep10_gmin1e-06_seed003.npz
0.05,4,400,58.625,22946.359375,40.0,40.0,9.395821287589386e-05,0.0575,138.9755284957937,55590.21139831748,0,c:/Users/yelim/Desktop/paper/cdc2026/choose-wisely-paper-main/logs/reacher_cdc_adaptive_k_noise0_Kmax2000_seed10\run_adaptive_rho_waypoint_K040_rho0.05_Kmin40_Kmax2000_Kstep10_gmin1e-06_seed004.npz
0.05,5,400,46.675,7590.194375000001,40.0,40.0,0.00016625245557980685,0.04,136.7094377524336,54683.775100973435,0,c:/Users/yelim/Desktop/paper/cdc2026/choose-wisely-paper-main/logs/reacher_cdc_adaptive_k_noise0_Kmax2000_seed10\run_adaptive_rho_waypoint_K040_rho0.05_Kmin40_Kmax2000_Kstep10_gmin1e-06_seed005.npz
0.05,6,400,72.9,40033.09,40.0,40.0,5.804138620320397e-05,0.05,130.5688422502135,52227.5369000854,0,c:/Users/yelim/Desktop/paper/cdc2026/choose-wisely-paper-main/logs/reacher_cdc_adaptive_k_noise0_Kmax2000_seed10\run_adaptive_rho_waypoint_K040_rho0.05_Kmin40_Kmax2000_Kstep10_gmin1e-06_seed006.npz
0.05,7,400,44.5,1864.25,40.0,40.0,0.00016559586804007186,0.05,139.79002400214085,55916.00960085634,0,c:/Users/yelim/Desktop/paper/cdc2026/choose-wisely-paper-main/logs/reacher_cdc_adaptive_k_noise0_Kmax2000_seed10\run_adaptive_rho_waypoint_K040_rho0.05_Kmin40_Kmax2000_Kstep10_gmin1e-06_seed007.npz
0.05,8,400,46.925,11196.294375,40.0,40.0,9.202301437755635e-05,0.0975,141.11433824989945,56445.73529995978,0,c:/Users/yelim/Desktop/paper/cdc2026/choose-wisely-paper-main/logs/reacher_cdc_adaptive_k_noise0_Kmax2000_seed10\run_adaptive_rho_waypoint_K040_rho0.05_Kmin40_Kmax2000_Kstep10_gmin1e-06_seed008.npz
0.05,9,400,45.65,9797.077499999998,40.0,40.0,9.03753162597091e-05,0.0375,134.7943534955266,53917.74139821064,0,c:/Users/yelim/Desktop/paper/cdc2026/choose-wisely-paper-main/logs/reacher_cdc_adaptive_k_noise0_Kmax2000_seed10\run_adaptive_rho_waypoint_K040_rho0.05_Kmin40_Kmax2000_Kstep10_gmin1e-06_seed009.npz
0.1,0,400,154.125,123802.734375,40.0,840.0,5.7286941973136875e-05,0.0275,135.1314624978113,54052.58499912452,0,c:/Users/yelim/Desktop/paper/cdc2026/choose-wisely-paper-main/logs/reacher_cdc_adaptive_k_noise0_Kmax2000_seed10\run_adaptive_rho_waypoint_K040_rho0.1_Kmin40_Kmax2000_Kstep10_gmin1e-06_seed000.npz
0.1,1,400,151.275,119973.124375,40.0,120.00000000001819,3.1279908395840227e-06,0.0425,130.57646899862448,52230.58759944979,0,c:/Users/yelim/Desktop/paper/cdc2026/choose-wisely-paper-main/logs/reacher_cdc_adaptive_k_noise0_Kmax2000_seed10\run_adaptive_rho_waypoint_K040_rho0.1_Kmin40_Kmax2000_Kstep10_gmin1e-06_seed001.npz
0.1,2,400,83.25,66631.9375,40.0,40.0,3.174564424147192e-05,0.02,88.67127499834169,35468.509999336675,0,c:/Users/yelim/Desktop/paper/cdc2026/choose-wisely-paper-main/logs/reacher_cdc_adaptive_k_noise0_Kmax2000_seed10\run_adaptive_rho_waypoint_K040_rho0.1_Kmin40_Kmax2000_Kstep10_gmin1e-06_seed002.npz
0.1,3,400,107.075,74880.694375,40.0,40.0,0.00010177388396007284,0.0325,97.81107300223084,39124.42920089234,0,c:/Users/yelim/Desktop/paper/cdc2026/choose-wisely-paper-main/logs/reacher_cdc_adaptive_k_noise0_Kmax2000_seed10\run_adaptive_rho_waypoint_K040_rho0.1_Kmin40_Kmax2000_Kstep10_gmin1e-06_seed003.npz
0.1,4,400,152.775,115777.04937500002,40.0,832.0000000000005,6.826827766294833e-05,0.055,136.7648849991383,54705.95399965532,0,c:/Users/yelim/Desktop/paper/cdc2026/choose-wisely-paper-main/logs/reacher_cdc_adaptive_k_noise0_Kmax2000_seed10\run_adaptive_rho_waypoint_K040_rho0.1_Kmin40_Kmax2000_Kstep10_gmin1e-06_seed004.npz
0.1,5,400,156.2,133257.55999999997,40.0,121.00000000001842,7.738569481752608e-05,0.055,134.5863395006745,53834.535800269805,0,c:/Users/yelim/Desktop/paper/cdc2026/choose-wisely-paper-main/logs/reacher_cdc_adaptive_k_noise0_Kmax2000_seed10\run_adaptive_rho_waypoint_K040_rho0.1_Kmin40_Kmax2000_Kstep10_gmin1e-06_seed005.npz
0.1,6,400,98.15,53452.0775,40.0,40.0,5.804138620320397e-05,0.0425,137.586715000798,55034.6860003192,0,c:/Users/yelim/Desktop/paper/cdc2026/choose-wisely-paper-main/logs/reacher_cdc_adaptive_k_noise0_Kmax2000_seed10\run_adaptive_rho_waypoint_K040_rho0.1_Kmin40_Kmax2000_Kstep10_gmin1e-06_seed006.npz
0.1,7,400,138.075,105400.54437499998,40.0,40.0,9.462078809012934e-05,0.0425,130.38574600155698,52154.29840062279,0,c:/Users/yelim/Desktop/paper/cdc2026/choose-wisely-paper-main/logs/reacher_cdc_adaptive_k_noise0_Kmax2000_seed10\run_adaptive_rho_waypoint_K040_rho0.1_Kmin40_Kmax2000_Kstep10_gmin1e-06_seed007.npz
0.1,8,400,150.325,118162.14437499997,40.0,119.00000000001796,3.423669892921651e-05,0.0425,123.8275092470576,49531.00369882304,0,c:/Users/yelim/Desktop/paper/cdc2026/choose-wisely-paper-main/logs/reacher_cdc_adaptive_k_noise0_Kmax2000_seed10\run_adaptive_rho_waypoint_K040_rho0.1_Kmin40_Kmax2000_Kstep10_gmin1e-06_seed008.npz
0.1,9,400,155.85,152778.27750000003,40.0,40.0,5.796960298643731e-05,0.0525,143.71670999447815,57486.68399779126,0,c:/Users/yelim/Desktop/paper/cdc2026/choose-wisely-paper-main/logs/reacher_cdc_adaptive_k_noise0_Kmax2000_seed10\run_adaptive_rho_waypoint_K040_rho0.1_Kmin40_Kmax2000_Kstep10_gmin1e-06_seed009.npz
0.2,0,400,554.35,743279.0775,40.0,2000.0,2.6920295148918735e-06,0.03,134.46901450224686,53787.605800898746,0,c:/Users/yelim/Desktop/paper/cdc2026/choose-wisely-paper-main/logs/reacher_cdc_adaptive_k_noise0_Kmax2000_seed10\run_adaptive_rho_waypoint_K040_rho0.2_Kmin40_Kmax2000_Kstep10_gmin1e-06_seed000.npz
0.2,1,400,559.3,747963.51,40.0,2000.0,3.1279908395840227e-06,0.0175,115.73584774683695,46294.33909873478,0,c:/Users/yelim/Desktop/paper/cdc2026/choose-wisely-paper-main/logs/reacher_cdc_adaptive_k_noise0_Kmax2000_seed10\run_adaptive_rho_waypoint_K040_rho0.2_Kmin40_Kmax2000_Kstep10_gmin1e-06_seed001.npz
0.2,2,400,520.15,710452.9775,40.0,2000.0,2.662349751311362e-06,0.015,125.61798649810953,50247.19459924381,0,c:/Users/yelim/Desktop/paper/cdc2026/choose-wisely-paper-main/logs/reacher_cdc_adaptive_k_noise0_Kmax2000_seed10\run_adaptive_rho_waypoint_K040_rho0.2_Kmin40_Kmax2000_Kstep10_gmin1e-06_seed002.npz
0.2,3,400,539.475,728868.474375,40.0,2000.0,2.7627643344126034e-06,0.0325,131.58303750358755,52633.21500143502,0,c:/Users/yelim/Desktop/paper/cdc2026/choose-wisely-paper-main/logs/reacher_cdc_adaptive_k_noise0_Kmax2000_seed10\run_adaptive_rho_waypoint_K040_rho0.2_Kmin40_Kmax2000_Kstep10_gmin1e-06_seed003.npz
0.2,4,400,564.275,752665.9743749999,40.0,2000.0,5.3366761226917496e-05,0.0275,129.91193850233685,51964.77540093474,0,c:/Users/yelim/Desktop/paper/cdc2026/choose-wisely-paper-main/logs/reacher_cdc_adaptive_k_noise0_Kmax2000_seed10\run_adaptive_rho_waypoint_K040_rho0.2_Kmin40_Kmax2000_Kstep10_gmin1e-06_seed004.npz
0.2,5,400,583.75,769800.9375,40.0,2000.0,3.508833554211006e-05,0.0125,129.25266799982637,51701.06719993055,0,c:/Users/yelim/Desktop/paper/cdc2026/choose-wisely-paper-main/logs/reacher_cdc_adaptive_k_noise0_Kmax2000_seed10\run_adaptive_rho_waypoint_K040_rho0.2_Kmin40_Kmax2000_Kstep10_gmin1e-06_seed005.npz
0.2,6,400,559.375,748175.859375,40.0,2000.0,2.708504552474448e-06,0.0275,127.20372400188353,50881.48960075341,0,c:/Users/yelim/Desktop/paper/cdc2026/choose-wisely-paper-main/logs/reacher_cdc_adaptive_k_noise0_Kmax2000_seed10\run_adaptive_rho_waypoint_K040_rho0.2_Kmin40_Kmax2000_Kstep10_gmin1e-06_seed006.npz
0.2,7,400,583.85,770076.1775,40.0,2000.0,3.0937382966292537e-06,0.015,120.43972974992357,48175.89189996943,0,c:/Users/yelim/Desktop/paper/cdc2026/choose-wisely-paper-main/logs/reacher_cdc_adaptive_k_noise0_Kmax2000_seed10\run_adaptive_rho_waypoint_K040_rho0.2_Kmin40_Kmax2000_Kstep10_gmin1e-06_seed007.npz
0.2,8,400,588.75,774326.4375,40.0,2000.0,3.270615659464127e-05,0.02,137.7299467488774,55091.978699550964,0,c:/Users/yelim/Desktop/paper/cdc2026/choose-wisely-paper-main/logs/reacher_cdc_adaptive_k_noise0_Kmax2000_seed10\run_adaptive_rho_waypoint_K040_rho0.2_Kmin40_Kmax2000_Kstep10_gmin1e-06_seed008.npz
0.2,9,400,569.025,756682.299375,40.0,2000.0,2.7972539402426344e-06,0.035,131.15720850240905,52462.88340096362,0,c:/Users/yelim/Desktop/paper/cdc2026/choose-wisely-paper-main/logs/reacher_cdc_adaptive_k_noise0_Kmax2000_seed10\run_adaptive_rho_waypoint_K040_rho0.2_Kmin40_Kmax2000_Kstep10_gmin1e-06_seed009.npz
