sigma_y,seed,method,K,success,success_reached,fall_down,time_to_upright,fail_step,upright_fraction,longest_upright_streak,fail_practical,infeasible_step_rate,fallback_episode,avg_solve_time,mean_K_used,max_K_used,mean_lambda_min,mean_tau,mean_d90,mean_C_size
0.04,0,fixedK40,40,0,1,1,19,116,0.49,75,1,1.0,1.0,0.11652830986999992,40.0,40.0,2.9373178626158785,nan,nan,nan
0.04,0,unified_a001,40,1,1,0,19,-1,1.0,300,1,1.0,1.0,0.16728520374999983,58.67666666666667,79.0,0.37608876149404485,9.660538997270757,60.18009098936034,577.0
0.04,1,fixedK40,40,0,1,1,19,217,0.7966666666666666,209,1,1.0,1.0,0.1219611859666666,40.0,40.0,1.6254578548184069,nan,nan,nan
0.04,1,unified_a001,40,0,1,1,19,168,0.7074235807860262,160,1,1.0,1.0,0.15387081311790385,54.24454148471616,80.0,2.577234948597264,20.100455612356466,67.15352675408171,577.0
0.04,2,fixedK40,40,0,1,1,19,189,0.59,177,1,1.0,1.0,0.1334127837499984,40.0,40.0,2.5232942930347817,nan,nan,nan
0.04,2,unified_a001,40,1,1,0,19,-1,1.0,300,1,1.0,1.0,0.18281626915333324,60.21,81.0,0.34199602809603286,11.798471818688583,58.74477649203189,577.0
0.04,3,fixedK40,40,0,1,1,19,156,0.8,146,1,1.0,1.0,0.11689624096666933,40.0,40.0,1.5495662388345532,nan,nan,nan
0.04,3,unified_a001,40,0,1,1,19,188,0.63,178,1,1.0,1.0,0.13504416039666656,49.44,78.0,2.1378892874445357,19.66439998476737,66.85849596647407,577.0
0.04,4,fixedK40,40,1,1,0,19,-1,1.0,300,1,1.0,1.0,0.12901835443333445,40.0,40.0,0.5371401332234185,nan,nan,nan
0.04,4,unified_a001,40,1,1,0,19,-1,1.0,300,1,1.0,1.0,0.16078455164000124,54.736666666666665,88.0,0.4490473277035512,9.726734603410216,60.41493491752073,577.0
0.04,5,fixedK40,40,0,1,1,19,260,0.84,252,1,1.0,1.0,0.1209091771966674,40.0,40.0,0.8885235598409247,nan,nan,nan
0.04,5,unified_a001,40,1,1,0,19,-1,1.0,300,1,1.0,1.0,0.1703821244466686,58.6,82.0,0.3034205151221157,11.098185998399279,59.31620197207971,577.0
0.04,6,fixedK40,40,0,1,1,19,89,0.7766666666666666,146,1,1.0,1.0,0.12824208583000257,40.0,40.0,1.5432251675734416,nan,nan,nan
0.04,6,unified_a001,40,1,1,0,19,-1,0.98,265,1,1.0,1.0,0.15180002165333426,54.27,81.0,0.7408810526483816,10.479126406193771,61.075627239784154,577.0
0.04,7,fixedK40,40,0,1,1,19,174,0.7966666666666666,162,1,1.0,1.0,0.12048578511332834,40.0,40.0,0.9754456309186051,nan,nan,nan
0.04,7,unified_a001,40,0,1,1,19,42,0.29333333333333333,36,1,1.0,1.0,0.11431151183666809,41.88666666666666,72.0,5.317021240777937,28.722616410401624,72.61035860391567,577.0
0.04,8,fixedK40,40,0,1,1,19,271,0.8666666666666667,260,1,1.0,1.0,0.12610499375666487,40.0,40.0,0.9882695506052555,nan,nan,nan
0.04,8,unified_a001,40,0,1,1,19,188,0.7766666666666666,181,1,1.0,1.0,0.1667154109899976,54.233333333333334,89.0,1.1857777175739552,16.262723820565448,62.62687611594124,577.0
0.04,9,fixedK40,40,0,1,1,19,141,0.7966666666666666,128,1,1.0,1.0,0.1289807550100045,40.0,40.0,1.4231110238242777,nan,nan,nan
0.04,9,unified_a001,40,1,1,0,19,-1,1.0,300,1,1.0,1.0,0.14835757858333182,53.96,81.0,0.6765377239748592,9.584787553927372,61.05730896749901,577.0
0.04,10,fixedK40,40,0,1,1,19,217,0.81,124,1,1.0,1.0,0.12463256901666872,40.0,40.0,1.2366082630837687,nan,nan,nan
0.04,10,unified_a001,40,1,1,0,19,-1,1.0,300,1,1.0,1.0,0.15425761207333039,53.63333333333333,84.0,0.8081096312420383,11.387276500417558,59.89806383566145,577.0
0.04,11,fixedK40,40,1,1,0,19,-1,1.0,300,1,1.0,1.0,0.12681045542333474,40.0,40.0,0.16212366963006747,nan,nan,nan
0.04,11,unified_a001,40,1,1,0,19,-1,0.99,297,1,1.0,1.0,0.16322298056333504,58.95,80.0,0.4026036208608018,12.954383561330621,58.9085559340984,577.0
0.04,12,fixedK40,40,0,1,1,19,42,0.7186311787072244,162,1,1.0,1.0,0.1140476094714892,40.0,40.0,1.3352600889882453,nan,nan,nan
0.04,12,unified_a001,40,1,1,0,19,-1,1.0,300,1,1.0,1.0,0.1613580079400011,58.54666666666667,80.0,0.35199294723588426,10.155240161529452,59.70729612940669,577.0
0.04,13,fixedK40,40,0,1,1,19,252,0.8,240,1,1.0,1.0,0.1276575248600049,40.0,40.0,1.251274577295461,nan,nan,nan
0.04,13,unified_a001,40,1,1,0,19,-1,1.0,300,1,0.9966666666666667,1.0,0.15522559738000155,51.806666666666665,81.0,0.5108925234375972,9.765912934101186,61.35526352472596,577.0
0.04,14,fixedK40,40,0,1,1,19,251,0.8266666666666667,240,1,1.0,1.0,0.12313375694665561,40.0,40.0,1.574303649176046,nan,nan,nan
0.04,14,unified_a001,40,0,1,1,19,173,0.5466666666666666,164,1,1.0,1.0,0.13189427419000593,46.443333333333335,83.0,2.944986577794808,20.087124186741438,70.55300027825186,577.0
0.04,15,fixedK40,40,0,1,1,19,76,0.6366666666666667,120,1,1.0,1.0,0.11965681443667411,40.0,40.0,3.0185885453995693,nan,nan,nan
0.04,15,unified_a001,40,0,1,1,19,189,0.6233333333333333,181,1,1.0,1.0,0.13295926845666522,48.63333333333333,89.0,2.121194922639235,17.49958004875356,66.56035460860942,577.0
0.04,16,fixedK40,40,1,1,0,19,-1,0.9733333333333334,182,1,1.0,1.0,0.13069984458666645,40.0,40.0,0.5039337906226496,nan,nan,nan
0.04,16,unified_a001,40,0,1,1,19,90,0.8066666666666666,160,1,1.0,1.0,0.1499206910166663,49.596666666666664,81.0,1.2539296831783693,14.93458661519229,62.754675407893664,577.0
0.04,17,fixedK40,40,0,1,1,19,214,0.6833333333333333,205,1,1.0,1.0,0.11605862415333452,40.0,40.0,2.1416097359330872,nan,nan,nan
0.04,17,unified_a001,40,1,1,0,19,-1,0.9133333333333333,258,1,1.0,1.0,0.14670012208665564,49.47666666666667,84.0,1.5669337456348258,12.992320909843789,62.923485831295295,577.0
0.04,18,fixedK40,40,1,1,0,19,-1,1.0,300,1,1.0,1.0,0.13439889667000443,40.0,40.0,0.35719016985079427,nan,nan,nan
0.04,18,unified_a001,40,1,1,0,19,-1,1.0,300,1,1.0,1.0,0.15663002239000132,53.973333333333336,78.0,0.6961104675316487,9.772032413507866,61.988209735850866,577.0
0.04,19,fixedK40,40,0,1,1,19,118,0.7282051282051282,110,1,1.0,1.0,0.12250846176923286,40.0,40.0,2.533566665626401,nan,nan,nan
0.04,19,unified_a001,40,0,1,1,19,167,0.5833333333333334,158,1,1.0,1.0,0.12859963344999717,45.556666666666665,76.0,3.028792351886555,19.865127124252947,67.61117834745792,577.0
0.04,20,fixedK40,40,1,1,0,19,-1,1.0,300,1,1.0,1.0,0.12882309100333564,40.0,40.0,0.26969409127794525,nan,nan,nan
0.04,20,unified_a001,40,1,1,0,19,-1,1.0,300,1,1.0,1.0,0.15883130639665752,55.56333333333333,78.0,1.22752799247923,13.364857038823358,59.132554606073924,577.0
0.04,21,fixedK40,40,0,1,1,19,164,0.72,157,1,1.0,1.0,0.1168926233200015,40.0,40.0,2.167492919989093,nan,nan,nan
0.04,21,unified_a001,40,1,1,0,19,-1,1.0,300,1,1.0,1.0,0.1676817612599939,57.23,81.0,0.5104614201181519,11.797979801470444,59.380727227034306,577.0
0.04,22,fixedK40,40,0,1,1,19,210,0.8466666666666667,203,1,1.0,1.0,0.12420326898999672,40.0,40.0,1.2443984771515466,nan,nan,nan
0.04,22,unified_a001,40,1,1,0,19,-1,0.9233333333333333,277,1,1.0,1.0,0.15388416986999648,53.193333333333335,81.0,0.617942372496519,11.602118561244389,61.19372108168968,577.0
0.04,23,fixedK40,40,1,1,0,19,-1,1.0,300,1,1.0,1.0,0.1207586784500154,40.0,40.0,0.3960734354432203,nan,nan,nan
0.04,23,unified_a001,40,0,1,1,19,151,0.8033333333333333,143,1,1.0,1.0,0.14021787235333705,50.656666666666666,79.0,1.3846981178178297,13.656823214735322,63.64665868711282,577.0
0.04,24,fixedK40,40,0,1,1,19,276,0.8933333333333333,268,1,1.0,1.0,0.12520960942999787,40.0,40.0,0.9805730723207424,nan,nan,nan
0.04,24,unified_a001,40,1,1,0,19,-1,0.93,234,1,1.0,1.0,0.15396277898666008,55.236666666666665,86.0,0.6998590848235459,12.8147970618681,59.96209859862957,577.0
0.04,25,fixedK40,40,0,1,1,19,181,0.85,173,1,1.0,1.0,0.12247993456332551,40.0,40.0,0.8213578947091082,nan,nan,nan
0.04,25,unified_a001,40,1,1,0,19,-1,0.97,291,1,1.0,1.0,0.14597102609333282,50.513333333333335,78.0,0.49239388732623696,9.402238636059467,62.52756763005261,577.0
0.04,26,fixedK40,40,1,1,0,19,-1,0.92,276,1,1.0,1.0,0.12370223238667828,40.0,40.0,0.5589600751198981,nan,nan,nan
0.04,26,unified_a001,40,1,1,0,19,-1,0.9,270,1,0.9966666666666667,1.0,0.14733191999332576,53.21,80.0,1.4600809653801436,12.5978033147395,62.59873609155046,577.0
0.04,27,fixedK40,40,1,1,0,19,-1,1.0,300,1,1.0,1.0,0.12833561445999142,40.0,40.0,0.32166153353578814,nan,nan,nan
0.04,27,unified_a001,40,0,1,1,19,273,0.8733333333333333,262,1,1.0,1.0,0.1610013523866625,56.89666666666667,80.0,1.0434814863616368,14.876931344090723,61.19462300111104,577.0
0.04,28,fixedK40,40,1,1,0,218,-1,0.38,101,1,1.0,1.0,0.1119094115266489,40.0,40.0,4.033309538684172,nan,nan,nan
0.04,28,unified_a001,40,0,1,1,19,203,0.72,195,1,1.0,1.0,0.1431198490866685,46.71,81.0,1.4174544330000425,15.53943222390883,65.19309020854514,577.0
0.04,29,fixedK40,40,1,1,0,19,-1,1.0,300,1,1.0,1.0,0.12958249820669002,40.0,40.0,0.4437554855201831,nan,nan,nan
0.04,29,unified_a001,40,1,1,0,19,-1,1.0,300,1,1.0,1.0,0.15514241474665746,51.47,81.0,0.5804333491083321,9.716102042892238,61.42316921092183,577.0
0.06,0,fixedK40,40,0,1,1,19,104,0.38,84,1,1.0,1.0,0.11361485573332478,40.0,40.0,3.885854227958392,nan,nan,nan
0.06,0,unified_a001,40,0,1,1,19,240,0.7633333333333333,229,1,1.0,1.0,0.15343052639665986,50.25,77.0,2.270163075431983,18.59668293053535,63.3232586407302,577.0
0.06,1,fixedK40,40,1,1,0,19,-1,1.0,300,1,1.0,1.0,0.1341787543500095,40.0,40.0,0.42869730654575733,nan,nan,nan
0.06,1,unified_a001,40,0,1,1,19,171,0.7157534246575342,163,1,1.0,1.0,0.14704310272603,47.78082191780822,79.0,2.2429542507813065,19.17786076653225,66.28730164668846,577.0
0.06,2,fixedK40,40,0,1,1,19,66,0.29333333333333333,55,1,1.0,1.0,0.11436306608666655,40.0,40.0,4.900940298266926,nan,nan,nan
0.06,2,unified_a001,40,1,1,0,19,-1,1.0,300,1,1.0,1.0,0.17007370707999447,53.696666666666665,88.0,0.6534096092842473,12.410715469075084,59.386130910104086,577.0
0.06,3,fixedK40,40,0,1,1,19,137,0.42333333333333334,127,1,1.0,1.0,0.11835401900666966,40.0,40.0,3.8602078389405072,nan,nan,nan
0.06,3,unified_a001,40,0,1,1,19,198,0.75,189,1,1.0,1.0,0.16220839428334632,51.25,85.0,1.90944337093793,18.802628510044446,63.806246505877986,577.0
0.06,4,fixedK40,40,1,1,0,19,-1,1.0,300,1,1.0,1.0,0.13425455805669723,40.0,40.0,0.587174239564888,nan,nan,nan
0.06,4,unified_a001,40,0,1,1,43,51,0.7255639097744361,155,1,1.0,1.0,0.14163475453007668,46.725563909774436,80.0,2.4311633809924307,15.94322008821791,66.05011175695827,577.0
0.06,5,fixedK40,40,0,1,1,19,255,0.8133333333333334,244,1,1.0,1.0,0.1328395104266762,40.0,40.0,1.69298799681412,nan,nan,nan
0.06,5,unified_a001,40,1,1,0,19,-1,1.0,300,1,1.0,1.0,0.16251974609333955,52.42666666666667,86.0,0.5208373525246337,10.281349158546567,60.37809599549264,577.0
0.06,6,fixedK40,40,1,1,0,19,-1,1.0,300,1,1.0,1.0,0.13085750596000556,40.0,40.0,0.9426812577975515,nan,nan,nan
0.06,6,unified_a001,40,1,1,0,259,-1,0.41333333333333333,60,1,1.0,1.0,0.13103865416331245,43.66,78.0,3.2165822136383144,24.787360853755022,70.98975563052082,577.0
0.06,7,fixedK40,40,0,1,1,19,167,0.7033333333333334,152,1,1.0,1.0,0.128573085406656,40.0,40.0,2.969267023871411,nan,nan,nan
0.06,7,unified_a001,40,0,1,1,19,227,0.7366666666666667,221,1,1.0,1.0,0.1488834206933249,48.776666666666664,78.0,1.406773469464657,15.540875068919389,64.46439573521161,577.0
0.06,8,fixedK40,40,0,1,1,19,144,0.5033333333333333,136,1,1.0,1.0,0.11748006253333036,40.0,40.0,3.819715327649561,nan,nan,nan
0.06,8,unified_a001,40,0,1,1,19,189,0.61,182,1,1.0,1.0,0.1426350858633441,48.25333333333333,89.0,1.783816033188859,20.956506619891005,65.59579312540212,577.0
0.06,9,fixedK40,40,0,1,1,19,148,0.5666666666666667,114,1,1.0,1.0,0.12443733082000108,40.0,40.0,3.203427199731293,nan,nan,nan
0.06,9,unified_a001,40,0,1,1,19,145,0.5,136,1,1.0,1.0,0.14048535614333862,45.81333333333333,88.0,3.3494182240701496,22.94148485191485,71.07796366034667,577.0
0.06,10,fixedK40,40,0,1,1,19,120,0.35333333333333333,79,1,1.0,1.0,0.11789655712333266,40.0,40.0,3.4372121258888644,nan,nan,nan
0.06,10,unified_a001,40,0,1,1,19,104,0.43,79,1,1.0,1.0,0.13272495360332717,44.06666666666667,85.0,4.159498164329279,26.182799224293806,71.71537791929089,577.0
0.06,11,fixedK40,40,0,1,1,19,187,0.6765799256505576,120,1,1.0,1.0,0.13227768958735173,40.0,40.0,2.6646887641091173,nan,nan,nan
0.06,11,unified_a001,40,1,1,0,19,-1,0.9866666666666667,196,1,1.0,1.0,0.16926749836667113,55.87,85.0,0.7636467653930173,13.345980012564663,59.122639743524886,577.0
0.06,12,fixedK40,40,1,1,0,19,-1,0.9333333333333333,280,1,1.0,1.0,0.13141095946999484,40.0,40.0,0.849275859191949,nan,nan,nan
0.06,12,unified_a001,40,1,1,0,19,-1,1.0,300,1,1.0,1.0,0.16280373276668342,52.233333333333334,77.0,0.711694289719781,10.899685809934446,60.22419352930606,577.0
0.06,13,fixedK40,40,0,1,1,19,168,0.5866666666666667,100,1,1.0,1.0,0.12083766638000422,40.0,40.0,2.9600948226896153,nan,nan,nan
0.06,13,unified_a001,40,0,1,1,19,189,0.51,143,1,0.9966666666666667,1.0,0.128814398060008,44.346666666666664,77.0,3.6402268190455924,24.209559474062097,71.54671165364122,577.0
0.06,14,fixedK40,40,1,1,0,19,-1,0.8076923076923077,160,1,1.0,1.0,0.1309061101922916,40.0,40.0,1.8259334964535678,nan,nan,nan
0.06,14,unified_a001,40,1,1,0,19,-1,1.0,300,1,1.0,1.0,0.1546737387733204,48.35,91.0,0.8422258791328229,10.103606334211017,62.49966605614975,577.0
0.06,15,fixedK40,40,0,1,1,19,54,0.8166666666666667,190,1,1.0,1.0,0.1322844166866753,40.0,40.0,2.240861974634794,nan,nan,nan
0.06,15,unified_a001,40,1,1,0,19,-1,1.0,300,1,1.0,1.0,0.16415576288000164,51.76,88.0,1.056121277933955,11.597218051289387,60.68767051332565,577.0
0.06,16,fixedK40,40,0,1,1,158,254,0.41333333333333333,107,1,1.0,1.0,0.11776217095666804,40.0,40.0,3.410047798609454,nan,nan,nan
0.06,16,unified_a001,40,0,1,1,19,110,0.72,114,1,1.0,1.0,0.1488352634733322,48.586666666666666,85.0,1.9995308006130479,17.721100352935114,64.41734205268016,577.0
0.06,17,fixedK40,40,1,1,0,19,-1,1.0,300,1,1.0,1.0,0.13280547918997854,40.0,40.0,1.0425057209572843,nan,nan,nan
0.06,17,unified_a001,40,0,1,1,19,225,0.83,216,1,1.0,1.0,0.14746885211332939,47.57,84.0,0.9366170542202019,13.558455077732948,63.54960883386116,577.0
0.06,18,fixedK40,40,1,1,0,19,-1,1.0,300,1,1.0,1.0,0.1343207156966734,40.0,40.0,0.32274067872291295,nan,nan,nan
0.06,18,unified_a001,40,1,1,0,19,-1,1.0,300,1,1.0,1.0,0.16567906575665953,52.236666666666665,81.0,1.1760284938657408,13.697370918301997,59.371911902000576,577.0
0.06,19,fixedK40,40,1,1,0,19,-1,1.0,300,1,1.0,1.0,0.13709998363667789,40.0,40.0,0.5784597700011953,nan,nan,nan
0.06,19,unified_a001,40,0,1,1,19,164,0.8133333333333334,158,1,1.0,1.0,0.15003155110666436,48.526666666666664,94.0,1.2761479677341725,13.858291543740627,63.827302888731815,577.0
0.06,20,fixedK40,40,1,1,0,19,-1,1.0,300,1,1.0,1.0,0.13450702387669783,40.0,40.0,0.5219820263908768,nan,nan,nan
0.06,20,unified_a001,40,0,1,1,19,124,0.49,118,1,1.0,1.0,0.12991904374668897,43.906666666666666,74.0,3.9172107256655075,25.67921314878533,69.66776738171077,577.0
0.06,21,fixedK40,40,0,1,1,19,230,0.68,153,1,1.0,1.0,0.1298080815533255,40.0,40.0,1.8114716410340566,nan,nan,nan
0.06,21,unified_a001,40,0,1,1,19,87,0.42333333333333334,44,1,1.0,1.0,0.12648026306001156,42.53333333333333,75.0,4.089142089620724,26.453593775109294,71.82451862125762,577.0
0.06,22,fixedK40,40,1,1,0,19,-1,1.0,300,1,1.0,1.0,0.14789409306665827,40.0,40.0,0.5192009083482938,nan,nan,nan
0.06,22,unified_a001,40,0,1,1,19,89,0.63,122,1,1.0,1.0,0.14655180208665114,47.406666666666666,77.0,3.1675275802676506,21.81749246336265,66.23202316624214,577.0
0.06,23,fixedK40,40,0,1,1,19,180,0.65,171,1,1.0,1.0,0.13502310971331705,40.0,40.0,2.004577897748529,nan,nan,nan
0.06,23,unified_a001,40,0,1,1,19,170,0.7966666666666666,162,1,1.0,1.0,0.15114455232995774,47.84,82.0,2.1104550394277637,14.572509676994565,64.53663871155412,577.0
0.06,24,fixedK40,40,0,1,1,19,81,0.5833333333333334,98,1,1.0,1.0,0.13174157626333907,40.0,40.0,2.259340177841527,nan,nan,nan
0.06,24,unified_a001,40,0,1,1,19,148,0.49,140,1,1.0,1.0,0.13272564001330467,45.806666666666665,75.0,2.8639127494927483,23.977909619181748,69.37384101370418,577.0
0.06,25,fixedK40,40,0,1,1,19,137,0.6744186046511628,125,1,1.0,1.0,0.13039749146512403,40.0,40.0,2.0937849542621176,nan,nan,nan
0.06,25,unified_a001,40,1,1,0,19,-1,1.0,300,1,1.0,1.0,0.15430580537666477,50.45333333333333,82.0,0.6135735273768912,9.53292997623139,61.77820252833596,577.0
0.06,26,fixedK40,40,0,1,1,19,273,0.8866666666666667,266,1,1.0,1.0,0.15290979832332596,40.0,40.0,1.3449425641188826,nan,nan,nan
0.06,26,unified_a001,40,0,1,1,19,259,0.8233333333333334,247,1,1.0,1.0,0.15397151845996632,52.14333333333333,81.0,1.7560984447101844,18.120322066905427,62.67879480321069,577.0
0.06,27,fixedK40,40,0,1,1,19,148,0.4948805460750853,94,1,1.0,1.0,0.11419490361095086,40.0,40.0,3.539194041394448,nan,nan,nan
0.06,27,unified_a001,40,1,1,0,19,-1,1.0,300,1,1.0,1.0,0.15056773626001813,50.906666666666666,90.0,0.8049774224808953,9.994086598864891,61.06412267904835,577.0
0.06,28,fixedK40,40,0,1,1,19,206,0.7572463768115942,198,1,1.0,1.0,0.12649686168116414,40.0,40.0,1.295020035497584,nan,nan,nan
0.06,28,unified_a001,40,0,1,1,19,218,0.7033333333333334,211,1,1.0,1.0,0.1364988626133345,46.95666666666666,87.0,1.87323670679938,16.71903473441638,65.32599678575896,577.0
0.06,29,fixedK40,40,0,1,1,19,168,0.5666666666666667,160,1,1.0,1.0,0.12045965096331808,40.0,40.0,2.076070097317552,nan,nan,nan
0.06,29,unified_a001,40,1,1,0,19,-1,1.0,300,1,1.0,1.0,0.16032716514003065,51.42666666666667,84.0,0.7390032961755866,11.028182134899328,60.45214090705352,577.0
0.08,0,fixedK40,40,1,1,0,19,-1,0.9666666666666667,290,1,1.0,1.0,0.13358957555335413,40.0,40.0,0.7506959528831899,nan,nan,nan
0.08,0,unified_a001,40,1,1,0,19,-1,1.0,300,1,1.0,1.0,0.16338609014000516,50.24666666666667,89.0,1.314027278949738,12.398105422661972,60.49216605456879,577.0
0.08,1,fixedK40,40,0,1,1,19,176,0.6466666666666666,170,1,1.0,1.0,0.1313918498533288,40.0,40.0,2.3854052862886856,nan,nan,nan
0.08,1,unified_a001,40,0,1,1,19,121,0.6451612903225806,96,1,1.0,1.0,0.13825522019893197,45.763440860215056,76.0,2.6056312260284873,21.244942520863283,69.87541983599158,577.0
0.08,2,fixedK40,40,0,1,1,19,102,0.49666666666666665,84,1,1.0,1.0,0.12626976850334964,40.0,40.0,2.8402667686184766,nan,nan,nan
0.08,2,unified_a001,40,0,1,1,19,238,0.75,185,1,1.0,1.0,0.15656916998333448,47.693333333333335,84.0,1.9926930716374387,15.257456449721746,64.05037641318714,577.0
0.08,3,fixedK40,40,0,1,1,19,125,0.38333333333333336,63,1,1.0,1.0,0.12277946763333905,40.0,40.0,3.055695142012162,nan,nan,nan
0.08,3,unified_a001,40,0,1,1,19,71,0.5514705882352942,62,1,1.0,1.0,0.1539669194117537,47.38970588235294,81.0,2.9073595172244935,26.20396530164164,71.46349271209795,577.0
0.08,4,fixedK40,40,0,1,1,19,49,0.62,68,1,1.0,1.0,0.1364066497600743,40.0,40.0,3.0134710884551947,nan,nan,nan
0.08,4,unified_a001,40,0,1,1,19,137,0.7833333333333333,132,1,1.0,1.0,0.15033196165665685,47.376666666666665,79.0,2.6487226269684823,18.49255937574792,63.240032284063965,577.0
0.08,5,fixedK40,40,0,1,1,19,220,0.8266666666666667,131,1,1.0,1.0,0.13912904564996703,40.0,40.0,1.5567604760576546,nan,nan,nan
0.08,5,unified_a001,40,0,1,1,19,273,0.87,261,1,1.0,1.0,0.14891619362002528,46.92333333333333,90.0,1.78661837874774,13.544433361973637,63.16986551970663,577.0
0.08,6,fixedK40,40,0,1,1,19,170,0.61,123,1,1.0,1.0,0.1278893995633522,40.0,40.0,2.629400828863824,nan,nan,nan
0.08,6,unified_a001,40,0,1,1,19,237,0.7533333333333333,216,1,1.0,1.0,0.1427234080533405,46.34,78.0,2.3390674884740053,18.352847445163704,64.39081472245846,577.0
0.08,7,fixedK40,40,1,1,0,19,-1,0.9666666666666667,290,1,1.0,1.0,0.12776890404998084,40.0,40.0,0.906814927717173,nan,nan,nan
0.08,7,unified_a001,40,0,1,1,19,188,0.79,157,1,1.0,1.0,0.13844165640667294,46.333333333333336,76.0,2.0701713168098754,15.938157561285188,64.227452197696,577.0
0.08,8,fixedK40,40,0,1,1,19,86,0.5933333333333334,86,1,1.0,1.0,0.12502184223666216,40.0,40.0,3.1385005187279975,nan,nan,nan
0.08,8,unified_a001,40,0,1,1,19,148,0.7866666666666666,141,1,1.0,1.0,0.15445124282335806,49.64666666666667,78.0,2.4123820928048327,17.498282893969936,62.85344781268929,577.0
0.08,9,fixedK40,40,1,1,0,155,-1,0.63,98,1,1.0,1.0,0.11870823820001229,40.0,40.0,3.4042561536570655,nan,nan,nan
0.08,9,unified_a001,40,1,1,0,19,-1,0.9666666666666667,234,1,1.0,1.0,0.1456701794266913,47.14333333333333,89.0,2.14516024278967,12.506232520468986,61.74385301504903,577.0
0.08,10,fixedK40,40,0,1,1,19,100,0.4266666666666667,81,1,1.0,1.0,0.1209077707899875,40.0,40.0,3.6558754001975453,nan,nan,nan
0.08,10,unified_a001,40,0,1,1,19,116,0.35,39,1,0.9966666666666667,1.0,0.12476946596000138,42.73,77.0,4.596809980497722,25.835000212980745,71.69946640384731,577.0
0.08,11,fixedK40,40,0,1,1,19,71,0.5666666666666667,108,1,1.0,1.0,0.1269228337733451,40.0,40.0,2.870665966064953,nan,nan,nan
0.08,11,unified_a001,40,0,1,1,19,66,0.31,27,1,1.0,1.0,0.12673520346997671,42.586666666666666,79.0,3.380337599214564,26.953728638784746,71.17847375985131,577.0
0.08,12,fixedK40,40,1,1,0,19,-1,0.9866666666666667,162,1,1.0,1.0,0.13901828085667756,40.0,40.0,1.3662900378079899,nan,nan,nan
0.08,12,unified_a001,40,1,1,0,19,-1,0.98,294,1,1.0,1.0,0.16040921210003642,49.096666666666664,80.0,1.0312703757944628,12.983694795654543,59.85626906321411,577.0
0.08,13,fixedK40,40,0,1,1,19,255,0.7266666666666667,99,1,1.0,1.0,0.1383465412200106,40.0,40.0,1.7205506322232986,nan,nan,nan
0.08,13,unified_a001,40,0,1,1,19,167,0.5933333333333334,159,1,1.0,1.0,0.14735682818334378,46.38333333333333,80.0,2.6578766903210287,21.73250741364823,69.05477271380875,577.0
0.08,14,fixedK40,40,1,1,0,19,-1,0.9166666666666666,131,1,1.0,1.0,0.14059938014997594,40.0,40.0,1.7172919761339744,nan,nan,nan
0.08,14,unified_a001,40,0,1,1,19,152,0.5133333333333333,60,1,1.0,1.0,0.1398883402599889,44.223333333333336,78.0,2.964068696828137,22.682797069469263,68.38522596620355,577.0
0.08,15,fixedK40,40,0,1,1,19,107,0.6458333333333334,100,1,1.0,1.0,0.13764723369789542,40.0,40.0,2.1668504959322887,nan,nan,nan
0.08,15,unified_a001,40,0,1,1,19,130,0.56,121,1,0.9966666666666667,1.0,0.14382157366000986,46.406666666666666,89.0,2.6659889105474077,22.357846577895845,70.69631837467799,577.0
0.08,16,fixedK40,40,0,1,1,19,211,0.6233333333333333,163,1,1.0,1.0,0.1279310682233275,40.0,40.0,3.237060874292068,nan,nan,nan
0.08,16,unified_a001,40,1,1,0,19,-1,0.93,211,1,1.0,1.0,0.15774542444332837,47.473333333333336,80.0,1.7915611954450794,12.746018094385285,62.04952389830861,577.0
0.08,17,fixedK40,40,0,1,1,19,116,0.5288461538461539,42,1,1.0,1.0,0.13137527844711572,40.0,40.0,4.836183476115429,nan,nan,nan
0.08,17,unified_a001,40,0,1,1,19,58,0.48120300751879697,42,1,1.0,1.0,0.13685570708268396,45.203007518796994,68.0,3.5595271631202396,24.03419902587723,71.33450642380572,577.0
0.08,18,fixedK40,40,0,1,1,19,276,0.8933333333333333,268,1,1.0,1.0,0.14234982249669278,40.0,40.0,0.9118963668141137,nan,nan,nan
0.08,18,unified_a001,40,0,1,1,19,197,0.6066666666666667,166,1,1.0,1.0,0.15150882027997492,47.263333333333335,77.0,3.0146970219811275,22.914191679999796,67.29749659941015,577.0
0.08,19,fixedK40,40,0,1,1,19,275,0.87,239,1,1.0,1.0,0.1402466319166888,40.0,40.0,1.817912258095101,nan,nan,nan
0.08,19,unified_a001,40,0,1,1,19,180,0.6166666666666667,98,1,1.0,1.0,0.14431875527662366,44.42666666666667,78.0,3.0336273357585126,20.48191757955503,66.29552391464786,577.0
0.08,20,fixedK40,40,1,1,0,19,-1,0.9366666666666666,201,1,1.0,1.0,0.13782471847667088,40.0,40.0,1.12330005748227,nan,nan,nan
0.08,20,unified_a001,40,1,1,0,101,-1,0.7633333333333333,218,1,1.0,1.0,0.1281679187566624,44.67,82.0,2.4132890855036364,15.294523179160663,65.62538688378018,577.0
0.08,21,fixedK40,40,1,1,0,19,-1,0.9033333333333333,138,1,1.0,1.0,0.1273497929333098,40.0,40.0,1.7513543407335606,nan,nan,nan
0.08,21,unified_a001,40,0,1,1,19,87,0.6,81,1,1.0,1.0,0.12605284346334278,43.63,83.0,3.0576399546081543,19.676286995924087,67.56401811185276,577.0
0.08,22,fixedK40,40,0,1,1,19,87,0.5843373493975904,80,1,1.0,1.0,0.1175694186867219,40.0,40.0,2.7783696344159905,nan,nan,nan
0.08,22,unified_a001,40,0,1,1,19,229,0.7766666666666666,219,1,1.0,1.0,0.13681034389664395,46.57666666666667,89.0,1.5837362686158263,14.175059798236768,63.62052966242632,577.0
0.08,23,fixedK40,40,1,1,0,19,-1,0.98,294,1,1.0,1.0,0.13192157754000314,40.0,40.0,0.6281872540912261,nan,nan,nan
0.08,23,unified_a001,40,0,1,1,19,191,0.6266666666666667,181,1,1.0,1.0,0.1332150303999879,46.71666666666667,80.0,2.81716039271055,20.73805949742369,68.10099584815366,577.0
0.08,24,fixedK40,40,1,1,0,19,-1,0.9066666666666666,250,1,1.0,1.0,0.13081224499331862,40.0,40.0,1.402083222365585,nan,nan,nan
0.08,24,unified_a001,40,0,1,1,19,186,0.6233333333333333,176,1,1.0,1.0,0.1452260428900172,48.19,76.0,3.0719075386115713,21.510718072572168,66.66134408706229,577.0
0.08,25,fixedK40,40,0,1,1,19,191,0.6233333333333333,183,1,1.0,1.0,0.12100756834663419,40.0,40.0,2.871989635470004,nan,nan,nan
0.08,25,unified_a001,40,0,1,1,19,144,0.5733333333333334,132,1,1.0,1.0,0.17169333457668168,44.693333333333335,90.0,2.3655568868129593,20.113594452714047,67.00935770361316,577.0
0.08,26,fixedK40,40,0,1,1,19,91,0.3,84,1,1.0,1.0,0.1838058090766602,40.0,40.0,4.742770856211263,nan,nan,nan
0.08,26,unified_a001,40,1,1,0,19,-1,0.8766666666666667,170,1,1.0,1.0,0.225209879703328,43.71666666666667,75.0,3.2952702293536276,17.570392405276955,62.304112384511754,577.0
0.08,27,fixedK40,40,0,1,1,19,168,0.5666666666666667,159,1,1.0,1.0,0.17865948640999704,40.0,40.0,2.336634692524066,nan,nan,nan
0.08,27,unified_a001,40,0,1,1,19,242,0.7833333333333333,235,1,1.0,1.0,0.20828402929001338,48.586666666666666,82.0,1.421761059800251,18.428200823682676,64.44864558828166,577.0
0.08,28,fixedK40,40,0,1,1,19,82,0.62,88,1,1.0,1.0,0.18326055167666405,40.0,40.0,2.7422051664737515,nan,nan,nan
0.08,28,unified_a001,40,1,1,0,19,-1,1.0,300,1,1.0,1.0,0.21577477446998578,47.95666666666666,87.0,1.0830935234432801,10.583019711241134,62.37292622565343,577.0
0.08,29,fixedK40,40,0,1,1,19,202,0.6333333333333333,179,1,1.0,1.0,0.21527109677332495,40.0,40.0,2.7655148430355254,nan,nan,nan
0.08,29,unified_a001,40,0,1,1,19,230,0.7166666666666667,201,1,1.0,1.0,0.21621850442332893,46.86333333333334,81.0,2.053504865335101,17.344109410416912,64.18669058343052,577.0
