K,seed,sigma_inf_max_epi,sigma_inf_mean_epi,T,file
10,0,12.276327210299582,3.2509609119157923,547,logs/k_sweep/run_K010_seed000.npz
10,1,15.335634331325307,3.4274845654163535,530,logs/k_sweep/run_K010_seed001.npz
10,2,10.802251622084226,2.855339571242812,332,logs/k_sweep/run_K010_seed002.npz
10,3,13.546292074607686,4.195186025605207,155,logs/k_sweep/run_K010_seed003.npz
10,4,14.495432981081775,3.161791988073846,363,logs/k_sweep/run_K010_seed004.npz
10,5,12.774082318177454,3.337617864537542,541,logs/k_sweep/run_K010_seed005.npz
10,6,11.861368744143274,3.655122843391997,169,logs/k_sweep/run_K010_seed006.npz
10,7,12.913684766972345,3.3477674579226577,532,logs/k_sweep/run_K010_seed007.npz
10,8,12.873223440922764,3.9022718399240204,243,logs/k_sweep/run_K010_seed008.npz
10,9,12.960244501031053,3.1768619935571043,475,logs/k_sweep/run_K010_seed009.npz
20,0,11.925375014443556,1.1101689511101016,598,logs/k_sweep/run_K020_seed000.npz
20,1,12.795114156120098,2.2949444355636923,296,logs/k_sweep/run_K020_seed001.npz
20,2,8.493187732446412,2.6308327829754004,87,logs/k_sweep/run_K020_seed002.npz
20,3,12.657961640513854,1.7399074266985795,185,logs/k_sweep/run_K020_seed003.npz
20,4,13.638172597022807,2.340567316579652,401,logs/k_sweep/run_K020_seed004.npz
20,5,12.124125959875977,1.5797583293176238,451,logs/k_sweep/run_K020_seed005.npz
20,6,12.798995960195882,2.2098103643016467,225,logs/k_sweep/run_K020_seed006.npz
20,7,13.871610570194933,2.445826582516804,227,logs/k_sweep/run_K020_seed007.npz
20,8,14.918941954581939,3.871639002671686,39,logs/k_sweep/run_K020_seed008.npz
20,9,12.901355914150109,1.8453063143785078,600,logs/k_sweep/run_K020_seed009.npz
30,0,10.755499239145752,1.664117640687842,123,logs/k_sweep/run_K030_seed000.npz
30,1,9.437792948693001,1.0896258173015667,445,logs/k_sweep/run_K030_seed001.npz
30,2,11.117668207094898,2.07497008861883,89,logs/k_sweep/run_K030_seed002.npz
30,3,6.057827831941217,1.300703009792429,558,logs/k_sweep/run_K030_seed003.npz
30,4,8.076055660279724,1.2652629252259517,600,logs/k_sweep/run_K030_seed004.npz
30,5,15.422746400975878,2.2069356629245744,104,logs/k_sweep/run_K030_seed005.npz
30,6,6.360358238874313,2.0275325690421258,120,logs/k_sweep/run_K030_seed006.npz
30,7,7.296063899711052,2.650534938688544,34,logs/k_sweep/run_K030_seed007.npz
30,8,9.48879049706522,0.47215178677593184,600,logs/k_sweep/run_K030_seed008.npz
30,9,13.876462929377022,0.8533262222023459,600,logs/k_sweep/run_K030_seed009.npz
40,0,4.933765440891016,1.8473474964758272,56,logs/k_sweep/run_K040_seed000.npz
40,1,6.040490174467115,2.0660006694213955,77,logs/k_sweep/run_K040_seed001.npz
40,2,4.833096498013164,1.511469810951537,58,logs/k_sweep/run_K040_seed002.npz
40,3,5.159396816318779,0.1582433272774512,600,logs/k_sweep/run_K040_seed003.npz
40,4,5.805271858080507,2.6238076978341076,33,logs/k_sweep/run_K040_seed004.npz
40,5,5.191543872289001,1.1110694619543333,238,logs/k_sweep/run_K040_seed005.npz
40,6,22.159539158183716,2.1650720328992765,61,logs/k_sweep/run_K040_seed006.npz
40,7,5.610620967816477,2.0649004457734916,33,logs/k_sweep/run_K040_seed007.npz
40,8,6.121328940211244,1.533153424282906,278,logs/k_sweep/run_K040_seed008.npz
40,9,3.652954038479285,1.9178547508851795,28,logs/k_sweep/run_K040_seed009.npz
50,0,4.829409903627443,2.2301768732488383,38,logs/k_sweep/run_K050_seed000.npz
50,1,8.583217197786754,1.5731868954784296,258,logs/k_sweep/run_K050_seed001.npz
50,2,4.824418509095452,2.1650329577536014,37,logs/k_sweep/run_K050_seed002.npz
50,3,17.386982662427915,1.4501044786461121,63,logs/k_sweep/run_K050_seed003.npz
50,4,4.443835183410846,2.2276631713168684,26,logs/k_sweep/run_K050_seed004.npz
50,5,4.989314508337463,2.2516958374916247,31,logs/k_sweep/run_K050_seed005.npz
50,6,4.449176118968097,1.8028298826243132,38,logs/k_sweep/run_K050_seed006.npz
50,7,5.844604182381406,2.1756077127666935,55,logs/k_sweep/run_K050_seed007.npz
50,8,5.479526365092154,2.2553587181423893,43,logs/k_sweep/run_K050_seed008.npz
50,9,4.916004192961909,2.4688394394593,32,logs/k_sweep/run_K050_seed009.npz
60,0,7.7350044344799125,1.2665578861340678,447,logs/k_sweep/run_K060_seed000.npz
60,1,4.533926355077872,1.182321215235737,163,logs/k_sweep/run_K060_seed001.npz
60,2,4.7056379774488235,1.9348618610428892,32,logs/k_sweep/run_K060_seed002.npz
60,3,6.176371555710023,1.4337451746631333,211,logs/k_sweep/run_K060_seed003.npz
60,4,5.659607914339077,1.48533988885299,164,logs/k_sweep/run_K060_seed004.npz
60,5,8.054348547574541,1.7929086253072155,55,logs/k_sweep/run_K060_seed005.npz
60,6,4.869641376180196,1.9984620004906715,44,logs/k_sweep/run_K060_seed006.npz
60,7,4.767949306153582,2.185378936122051,26,logs/k_sweep/run_K060_seed007.npz
60,8,4.517753103346427,2.140024582740074,36,logs/k_sweep/run_K060_seed008.npz
60,9,6.916510676926161,1.436059909502391,468,logs/k_sweep/run_K060_seed009.npz
70,0,5.234447593313217,1.7486801840660398,28,logs/k_sweep/run_K070_seed000.npz
70,1,4.66507858912931,1.3519463545432961,26,logs/k_sweep/run_K070_seed001.npz
70,2,7.070736153192191,1.6351787645811082,150,logs/k_sweep/run_K070_seed002.npz
70,3,3.4797222848801495,0.1962036331975755,600,logs/k_sweep/run_K070_seed003.npz
70,4,10.22622160465782,1.5230931030869967,194,logs/k_sweep/run_K070_seed004.npz
70,5,6.574627558920042,0.7255612548312447,600,logs/k_sweep/run_K070_seed005.npz
70,6,4.859863368171663,1.1711125610288236,569,logs/k_sweep/run_K070_seed006.npz
70,7,5.07325517428972,1.968400878990108,34,logs/k_sweep/run_K070_seed007.npz
70,8,5.151917199191829,1.323225724335606,295,logs/k_sweep/run_K070_seed008.npz
70,9,7.057589598974103,1.1517402822660643,600,logs/k_sweep/run_K070_seed009.npz
80,0,4.331797628981505,1.1020780793278535,87,logs/k_sweep/run_K080_seed000.npz
80,1,4.7280992712969105,1.0069890203463099,234,logs/k_sweep/run_K080_seed001.npz
80,2,3.9380554768493257,0.20249642891376188,600,logs/k_sweep/run_K080_seed002.npz
80,3,4.802526244532011,0.4225403127476508,600,logs/k_sweep/run_K080_seed003.npz
80,4,11.621054183896922,0.9598379741157883,350,logs/k_sweep/run_K080_seed004.npz
80,5,4.86764404242599,1.1583355385329728,486,logs/k_sweep/run_K080_seed005.npz
80,6,4.80760386038555,1.2226198862419315,185,logs/k_sweep/run_K080_seed006.npz
80,7,4.526111668179929,0.9663823698823691,326,logs/k_sweep/run_K080_seed007.npz
80,8,6.710820854690227,1.106762756596424,600,logs/k_sweep/run_K080_seed008.npz
80,9,6.491024578097026,0.8954265382671319,573,logs/k_sweep/run_K080_seed009.npz
90,0,6.567219552044483,0.9498195518756796,300,logs/k_sweep/run_K090_seed000.npz
90,1,4.656886119952766,0.8349769627451576,406,logs/k_sweep/run_K090_seed001.npz
90,2,4.769153057141965,0.8241275179862907,600,logs/k_sweep/run_K090_seed002.npz
90,3,5.453861293466452,1.1552895755375998,100,logs/k_sweep/run_K090_seed003.npz
90,4,4.534494414591593,0.9018518575741632,374,logs/k_sweep/run_K090_seed004.npz
90,5,5.570269653097418,0.8852656133476395,443,logs/k_sweep/run_K090_seed005.npz
90,6,4.7294780392869376,0.820907947762683,356,logs/k_sweep/run_K090_seed006.npz
90,7,4.426724613361653,0.868007914069487,262,logs/k_sweep/run_K090_seed007.npz
90,8,5.62232998529507,0.9385247150377821,600,logs/k_sweep/run_K090_seed008.npz
90,9,3.9272563693571905,0.906527639547386,175,logs/k_sweep/run_K090_seed009.npz
100,0,4.603256268579919,0.8601732023995513,311,logs/k_sweep/run_K100_seed000.npz
100,1,4.638074755552328,0.934221037203727,600,logs/k_sweep/run_K100_seed001.npz
100,2,5.691330197762367,0.9988476054541331,177,logs/k_sweep/run_K100_seed002.npz
100,3,4.516598784057802,1.099328909423423,235,logs/k_sweep/run_K100_seed003.npz
100,4,4.709022986604461,1.014202644240961,272,logs/k_sweep/run_K100_seed004.npz
100,5,4.685793844514926,0.8931034864712845,349,logs/k_sweep/run_K100_seed005.npz
100,6,5.089611857124057,0.851666657383809,250,logs/k_sweep/run_K100_seed006.npz
100,7,4.510434325774449,0.8457399650087942,128,logs/k_sweep/run_K100_seed007.npz
100,8,4.947672610886341,0.5629786921632359,352,logs/k_sweep/run_K100_seed008.npz
100,9,4.674628904042658,1.1228648058373119,241,logs/k_sweep/run_K100_seed009.npz
110,0,9.191767197337587,0.7845528440828129,600,logs/k_sweep/run_K110_seed000.npz
110,1,11.183864546130557,0.8644473695949888,486,logs/k_sweep/run_K110_seed001.npz
110,2,4.779056810686808,0.7614176824663754,600,logs/k_sweep/run_K110_seed002.npz
110,3,5.107414051362729,0.9591682394247113,353,logs/k_sweep/run_K110_seed003.npz
110,4,4.518893127564208,0.8828780088680275,197,logs/k_sweep/run_K110_seed004.npz
110,5,3.591089846769271,0.6670115917979226,100,logs/k_sweep/run_K110_seed005.npz
110,6,4.903283156046671,0.6929785700634041,600,logs/k_sweep/run_K110_seed006.npz
110,7,4.821904251065058,1.0276545288780927,237,logs/k_sweep/run_K110_seed007.npz
110,8,6.402648061356226,0.8740050862325476,465,logs/k_sweep/run_K110_seed008.npz
110,9,7.829345642250416,0.7687800343840964,594,logs/k_sweep/run_K110_seed009.npz
120,0,6.136946178793682,0.7832319709888286,555,logs/k_sweep/run_K120_seed000.npz
120,1,4.435888217257219,0.7361286888577171,170,logs/k_sweep/run_K120_seed001.npz
120,2,4.6917266906350985,1.178101453098858,175,logs/k_sweep/run_K120_seed002.npz
120,3,5.8775390841582285,0.7967231809788585,537,logs/k_sweep/run_K120_seed003.npz
120,4,4.385594274833729,0.6849728383197596,300,logs/k_sweep/run_K120_seed004.npz
120,5,5.246747487461956,0.7251471517745344,115,logs/k_sweep/run_K120_seed005.npz
120,6,9.84834040705061,0.9000530588191888,146,logs/k_sweep/run_K120_seed006.npz
120,7,3.3961045297462267,0.7245159002318209,128,logs/k_sweep/run_K120_seed007.npz
120,8,5.170834921355821,0.8585701430859919,400,logs/k_sweep/run_K120_seed008.npz
120,9,6.417974252367149,0.8798839110779122,332,logs/k_sweep/run_K120_seed009.npz
130,0,4.454991497990348,0.7778970712407834,217,logs/k_sweep/run_K130_seed000.npz
130,1,2.5405291898387423,0.6068231024378797,157,logs/k_sweep/run_K130_seed001.npz
130,2,5.552944400995193,0.7489944699474774,131,logs/k_sweep/run_K130_seed002.npz
130,3,4.516750675079704,0.911515867571217,204,logs/k_sweep/run_K130_seed003.npz
130,4,4.432887167983105,0.5847596584115119,323,logs/k_sweep/run_K130_seed004.npz
130,5,4.497735253899035,0.6814675783881102,522,logs/k_sweep/run_K130_seed005.npz
130,6,8.269543131713379,0.7234957894663242,343,logs/k_sweep/run_K130_seed006.npz
130,7,3.5853232690004453,0.8975662164991649,34,logs/k_sweep/run_K130_seed007.npz
130,8,4.53518029015338,0.552283510274785,488,logs/k_sweep/run_K130_seed008.npz
130,9,3.413954795735053,0.5997222089746754,278,logs/k_sweep/run_K130_seed009.npz
140,0,4.44519504883535,0.6512297836718864,171,logs/k_sweep/run_K140_seed000.npz
140,1,3.9694160365442066,0.5620048480600022,116,logs/k_sweep/run_K140_seed001.npz
140,2,4.740909912195715,0.7062082793429918,143,logs/k_sweep/run_K140_seed002.npz
140,3,3.646099486889617,0.6195123050347097,600,logs/k_sweep/run_K140_seed003.npz
140,4,4.779388670856324,0.8684529133635309,600,logs/k_sweep/run_K140_seed004.npz
140,5,5.224008175045492,0.7428863774226483,600,logs/k_sweep/run_K140_seed005.npz
140,6,5.7533486547334425,0.7265012264316353,600,logs/k_sweep/run_K140_seed006.npz
140,7,3.439028246138444,0.5553799211658071,539,logs/k_sweep/run_K140_seed007.npz
140,8,4.448237258960419,0.8178904337660006,600,logs/k_sweep/run_K140_seed008.npz
140,9,4.614688099933361,0.6824395009143083,192,logs/k_sweep/run_K140_seed009.npz
150,0,4.074674804289545,0.6848762334369354,91,logs/k_sweep/run_K150_seed000.npz
150,1,4.582965779453497,0.8342620327543079,307,logs/k_sweep/run_K150_seed001.npz
150,2,3.8729146906396896,0.6466430782645545,256,logs/k_sweep/run_K150_seed002.npz
150,3,3.882190572822023,0.48589619973842285,241,logs/k_sweep/run_K150_seed003.npz
150,4,3.6290348735155877,0.7543261293190547,141,logs/k_sweep/run_K150_seed004.npz
150,5,4.517466153575024,0.7644202880955626,348,logs/k_sweep/run_K150_seed005.npz
150,6,3.2763477897811493,0.6270872397081593,333,logs/k_sweep/run_K150_seed006.npz
150,7,4.5417479404718275,0.5507935119151739,526,logs/k_sweep/run_K150_seed007.npz
150,8,3.47413309725066,0.7407496695156653,55,logs/k_sweep/run_K150_seed008.npz
150,9,5.228334906330639,0.7483155856975673,147,logs/k_sweep/run_K150_seed009.npz
160,0,5.029396718359191,0.7772416355163801,328,logs/k_sweep/run_K160_seed000.npz
160,1,3.5394850212515814,0.5415145868867904,600,logs/k_sweep/run_K160_seed001.npz
160,2,4.555476430957521,0.5243053073133748,518,logs/k_sweep/run_K160_seed002.npz
160,3,4.634094258966978,0.9526450700215305,131,logs/k_sweep/run_K160_seed003.npz
160,4,7.676825277151587,0.5232046944912931,584,logs/k_sweep/run_K160_seed004.npz
160,5,4.305650136229006,0.6906154827392896,373,logs/k_sweep/run_K160_seed005.npz
160,6,3.720500611819946,0.48365923934569705,180,logs/k_sweep/run_K160_seed006.npz
160,7,5.430308932039647,0.7263211516013938,600,logs/k_sweep/run_K160_seed007.npz
160,8,4.532546475551014,0.5732435771567567,259,logs/k_sweep/run_K160_seed008.npz
160,9,4.5222933330824695,0.6052963499499778,488,logs/k_sweep/run_K160_seed009.npz
170,0,2.283324500240161,0.4991713474293055,110,logs/k_sweep/run_K170_seed000.npz
170,1,4.647756955083623,0.7174000050581998,240,logs/k_sweep/run_K170_seed001.npz
170,2,5.581685267716011,0.7227970426294098,210,logs/k_sweep/run_K170_seed002.npz
170,3,4.69896246818748,0.8095645352093265,334,logs/k_sweep/run_K170_seed003.npz
170,4,5.225900699004297,1.0543434343673894,274,logs/k_sweep/run_K170_seed004.npz
170,5,4.3943399750888865,1.0140957652881488,146,logs/k_sweep/run_K170_seed005.npz
170,6,4.440002493538914,0.6389298690887435,250,logs/k_sweep/run_K170_seed006.npz
170,7,4.966679553835238,0.6892146546777999,434,logs/k_sweep/run_K170_seed007.npz
170,8,4.530217832515438,0.6419816025347407,574,logs/k_sweep/run_K170_seed008.npz
170,9,4.964712235100512,0.6030785409047507,487,logs/k_sweep/run_K170_seed009.npz
180,0,4.484509466048293,0.43958601109524564,506,logs/k_sweep/run_K180_seed000.npz
180,1,4.503884976651671,0.9070937887016634,243,logs/k_sweep/run_K180_seed001.npz
180,2,2.6010191817255044,0.5580950033339589,138,logs/k_sweep/run_K180_seed002.npz
180,3,4.377811524140618,0.5826535835377898,239,logs/k_sweep/run_K180_seed003.npz
180,4,6.924138575369257,0.9793473241605557,312,logs/k_sweep/run_K180_seed004.npz
180,5,4.652137470555065,0.8213320762810613,294,logs/k_sweep/run_K180_seed005.npz
180,6,5.104132923005553,0.6522042831741188,546,logs/k_sweep/run_K180_seed006.npz
180,7,4.427354528453314,0.7164634506221762,409,logs/k_sweep/run_K180_seed007.npz
180,8,4.546297359806339,0.5887663457626864,561,logs/k_sweep/run_K180_seed008.npz
180,9,4.7412884339006975,0.6331271545315283,362,logs/k_sweep/run_K180_seed009.npz
190,0,4.6299607864849595,0.6247412105067137,393,logs/k_sweep/run_K190_seed000.npz
190,1,3.7784983188021237,0.618252244241922,154,logs/k_sweep/run_K190_seed001.npz
190,2,4.581985927169746,0.6326877609757272,600,logs/k_sweep/run_K190_seed002.npz
190,3,4.764156978392004,1.401120935280843,126,logs/k_sweep/run_K190_seed003.npz
190,4,4.6269316012208375,0.7104321196503955,175,logs/k_sweep/run_K190_seed004.npz
190,5,4.454018715863841,0.8929479797839511,207,logs/k_sweep/run_K190_seed005.npz
190,6,4.181673459791838,0.563322407044962,235,logs/k_sweep/run_K190_seed006.npz
190,7,6.387433577938754,0.98249664414577,181,logs/k_sweep/run_K190_seed007.npz
190,8,2.1714921929003914,0.5511254737160927,123,logs/k_sweep/run_K190_seed008.npz
190,9,3.8662638714222886,0.45017533894038103,269,logs/k_sweep/run_K190_seed009.npz
200,0,3.033119254385059,0.326192462489289,111,logs/k_sweep/run_K200_seed000.npz
200,1,6.248994110611458,0.7011083582475356,242,logs/k_sweep/run_K200_seed001.npz
200,2,4.243795681438111,0.9031386373396647,129,logs/k_sweep/run_K200_seed002.npz
200,3,4.526244018663652,0.7886369907820965,319,logs/k_sweep/run_K200_seed003.npz
200,4,4.252265023732511,0.5379871742757383,474,logs/k_sweep/run_K200_seed004.npz
200,5,7.000150054403633,0.6708342028567101,452,logs/k_sweep/run_K200_seed005.npz
200,6,4.520323643791621,0.8895648010661952,162,logs/k_sweep/run_K200_seed006.npz
200,7,4.551101337805656,0.7400245694168535,256,logs/k_sweep/run_K200_seed007.npz
200,8,5.163091567798295,0.8252760760388909,225,logs/k_sweep/run_K200_seed008.npz
200,9,4.478416236406478,0.764796417229265,353,logs/k_sweep/run_K200_seed009.npz
