K,seed,steps,slack_fail_rate,min_sigma_min_Ag,min_sigma_min_Hu,total_cost,mean_solve_time_ms,npz_path
10,0,600,0.9116666666666666,0.14579494063307344,0.1414984787632138,1321886.0768690282,75.97696666672466,logs/k_sweep\run_K010_seed000.npz
10,1,600,0.8833333333333333,0.16386789549286182,0.12545386994416236,1223236.362956058,75.01934899993405,logs/k_sweep\run_K010_seed001.npz
10,2,372,0.8924731182795699,0.16516967843491562,0.15335535355310023,882059.0060390811,76.10016424718275,logs/k_sweep\run_K010_seed002.npz
10,3,170,0.9117647058823529,0.19838988455537648,0.18032337420346553,384998.1398261393,75.06019117653898,logs/k_sweep\run_K010_seed003.npz
10,4,400,0.9075,0.15046306056694056,0.14919457061267616,834596.4257943642,74.76767175016903,logs/k_sweep\run_K010_seed004.npz
10,5,600,0.9016666666666666,0.1603409370692707,0.1580508146047832,1552279.4967671311,75.62875066663764,logs/k_sweep\run_K010_seed005.npz
10,6,192,0.8802083333333334,0.16988867844978717,0.1576403692378456,386610.34812054515,75.77946458341482,logs/k_sweep\run_K010_seed006.npz
10,7,600,0.8866666666666667,0.15081289620333047,0.14541704669314104,1458140.3367186422,73.2625118334181,logs/k_sweep\run_K010_seed007.npz
10,8,271,0.8966789667896679,0.1834869023885534,0.14190920588301453,1012192.0361301508,74.77664649443852,logs/k_sweep\run_K010_seed008.npz
10,9,514,0.9241245136186771,0.14958613000894,0.13847525163043667,886344.1466438711,73.95978579773147,logs/k_sweep\run_K010_seed009.npz
20,0,600,0.9966666666666667,0.08069922797715565,0.06021808556235808,55625342.22685031,89.14183650000268,logs/k_sweep\run_K020_seed000.npz
20,1,296,1.0,0.07349875442852015,0.04902367847001004,18128646.38587967,83.02846554054643,logs/k_sweep\run_K020_seed001.npz
20,2,87,1.0,0.08589158443439367,0.06025674616801016,767454.1120656265,84.2069597700216,logs/k_sweep\run_K020_seed002.npz
20,3,186,0.9946236559139785,0.08015357610895167,0.0747142729327153,12510457.55376862,84.21922258070657,logs/k_sweep\run_K020_seed003.npz
20,4,402,0.9975124378109452,0.07353989625057998,0.07092899129180927,3937342.870820103,88.85659328357247,logs/k_sweep\run_K020_seed004.npz
20,5,451,1.0,0.0709389296230438,0.06436604537368999,3759575.3268418894,91.45393436803812,logs/k_sweep\run_K020_seed005.npz
20,6,226,0.995575221238938,0.08912323856286176,0.07741982306540197,2219802.4810796287,87.74501548690654,logs/k_sweep\run_K020_seed006.npz
20,7,227,1.0,0.08048888380226384,0.06757955615975224,2466982.3032157207,85.71272687250243,logs/k_sweep\run_K020_seed007.npz
20,8,39,1.0,0.10812432574439197,0.08955908216126211,447235.83049008594,88.35345897470968,logs/k_sweep\run_K020_seed008.npz
20,9,600,1.0,0.08170969780352769,0.06915336625961205,13766944.195492052,85.61967666658045,logs/k_sweep\run_K020_seed009.npz
30,0,123,1.0,0.010870026520820718,0.0013499872487839502,2008745.2768715434,99.20546829250189,logs/k_sweep\run_K030_seed000.npz
30,1,445,1.0,1.6989616405787396e-16,7.102517421185307e-50,31404969.1477954,100.67277146064156,logs/k_sweep\run_K030_seed001.npz
30,2,89,1.0,0.022384576627492006,0.003257880430960836,1787474.4268594943,94.67273370744275,logs/k_sweep\run_K030_seed002.npz
30,3,558,1.0,0.019080153699393476,0.0006217231224281652,37209788.080496386,103.25659372761706,logs/k_sweep\run_K030_seed003.npz
30,4,600,0.9983333333333333,0.015969862073346188,0.0035635520856610228,15705429.779907038,99.56883166663829,logs/k_sweep\run_K030_seed004.npz
30,5,104,1.0,0.023953947424933866,0.0032619932592839332,1480536.5212430009,93.61311153875599,logs/k_sweep\run_K030_seed005.npz
30,6,120,1.0,0.018245932762047005,0.004137196433908501,2206247.5380551326,94.17388583327313,logs/k_sweep\run_K030_seed006.npz
30,7,34,1.0,0.02894306557581691,0.005477946858666909,569383.2242541291,98.23777058858575,logs/k_sweep\run_K030_seed007.npz
30,8,600,0.9983333333333333,0.018250540427230583,0.0024946785939380946,2541849.145181973,105.28114766664658,logs/k_sweep\run_K030_seed008.npz
30,9,600,0.9983333333333333,0.018388131549488648,0.0028174643847686423,5330313.555137936,102.53254383334327,logs/k_sweep\run_K030_seed009.npz
40,0,56,1.0,1.0872422521501783e-05,0.028575933366229527,2959626.2279546238,116.14512500013267,logs/k_sweep\run_K040_seed000.npz
40,1,77,1.0,1.12398780567399e-05,0.039870158840068816,2295847.603089985,112.24095324662328,logs/k_sweep\run_K040_seed001.npz
40,2,58,1.0,8.999686419332752e-06,0.03301739411768371,9200708.955028478,115.02633103429679,logs/k_sweep\run_K040_seed002.npz
40,3,600,0.9666666666666667,7.127829713344568e-07,0.03392158235800332,821799.2088218755,113.40316116674028,logs/k_sweep\run_K040_seed003.npz
40,4,33,1.0,6.8102580839689374e-06,0.038637252678630454,619294.440013918,112.36081818181749,logs/k_sweep\run_K040_seed004.npz
40,5,238,1.0,3.328763491573342e-06,0.027030914530712002,2307093.035135871,119.93063193277071,logs/k_sweep\run_K040_seed005.npz
40,6,61,1.0,8.485253772348085e-06,0.03903626138261318,2115515.7730951314,109.39006065579082,logs/k_sweep\run_K040_seed006.npz
40,7,33,1.0,2.433881646836957e-05,0.04287912715937104,1261398.9548344866,107.81881818206095,logs/k_sweep\run_K040_seed007.npz
40,8,278,0.9964028776978417,3.3283528102271894e-06,0.03217631152526351,28173630.93420528,110.4427719424853,logs/k_sweep\run_K040_seed008.npz
40,9,28,1.0,2.114497692418729e-05,0.05252028642319031,5854162.411618437,112.05014285730742,logs/k_sweep\run_K040_seed009.npz
50,0,38,1.0,1.4854974811218742e-05,0.0883732059479784,1180641.0293772898,123.20117105245069,logs/k_sweep\run_K050_seed000.npz
50,1,258,1.0,9.073295212073661e-06,0.06636147377349971,22174495.470428742,124.98540852709627,logs/k_sweep\run_K050_seed001.npz
50,2,37,1.0,2.080180773263976e-05,0.0935002633726681,908523.6242918336,120.26835135131134,logs/k_sweep\run_K050_seed002.npz
50,3,63,1.0,1.287925332746311e-05,0.07781686933769462,15398074.447948867,113.56481269819871,logs/k_sweep\run_K050_seed003.npz
50,4,26,1.0,2.0788519041698674e-05,0.08886769165741241,1005072.7650431808,120.53198076878638,logs/k_sweep\run_K050_seed004.npz
50,5,31,1.0,1.8689852378970202e-05,0.0963893721418673,1275779.7471486535,135.6986193547322,logs/k_sweep\run_K050_seed005.npz
50,6,38,1.0,2.0307761484013876e-05,0.08105396784081667,1061366.328886241,129.05274210559008,logs/k_sweep\run_K050_seed006.npz
50,7,55,1.0,9.466616346516986e-06,0.1000470929836508,1472027.264844663,138.51513272767824,logs/k_sweep\run_K050_seed007.npz
50,8,43,1.0,1.2051727029873538e-05,0.10098771373744507,1005599.2526644678,133.31565581384618,logs/k_sweep\run_K050_seed008.npz
50,9,32,1.0,2.089306585247493e-05,0.0801490468359085,876133.3722613119,137.89246562487278,logs/k_sweep\run_K050_seed009.npz
60,0,447,0.9932885906040269,2.6420370178036222e-05,0.11356480879800797,35446819.24643086,165.37151454133667,logs/k_sweep\run_K060_seed000.npz
60,1,163,0.9938650306748467,2.404360415559661e-05,0.13254584022006838,4879237.35955766,146.0765963192173,logs/k_sweep\run_K060_seed001.npz
60,2,32,1.0,2.7729491319171123e-05,0.14428484663471894,1432201.5948039847,153.35748437496477,logs/k_sweep\run_K060_seed002.npz
60,3,211,1.0,2.4843134173279796e-05,0.12273788056026823,6524896.679892168,147.9229284358169,logs/k_sweep\run_K060_seed003.npz
60,4,164,1.0,2.5870905910056935e-05,0.1360434702846324,7149093.73814288,153.76733414650073,logs/k_sweep\run_K060_seed004.npz
60,5,55,1.0,2.8543456042607605e-05,0.14950254088376194,5131343.932041103,146.82113636378992,logs/k_sweep\run_K060_seed005.npz
60,6,44,1.0,2.1226217951452465e-05,0.15632719773265893,1530155.795202126,147.3406159092602,logs/k_sweep\run_K060_seed006.npz
60,7,26,1.0,3.511837857808396e-05,0.1474794246174751,5040203.586441347,145.5199115382409,logs/k_sweep\run_K060_seed007.npz
60,8,36,1.0,2.958028183277984e-05,0.14374777783074172,1171940.4178116466,155.305908333705,logs/k_sweep\run_K060_seed008.npz
60,9,468,0.9978632478632479,2.3633400752458866e-05,0.10912545627438376,34195275.95770366,144.91034487175958,logs/k_sweep\run_K060_seed009.npz
70,0,28,1.0,4.395613865344198e-05,0.19241753976517792,1193335.192461849,160.41088571442484,logs/k_sweep\run_K070_seed000.npz
70,1,26,0.9615384615384616,4.3037808008750594e-05,0.2057794571476563,6452354.613784415,139.18912307683337,logs/k_sweep\run_K070_seed001.npz
70,2,150,1.0,3.384789220869765e-05,0.19061770147951546,10426742.077860024,170.9256000000702,logs/k_sweep\run_K070_seed002.npz
70,3,600,0.96,3.301893216014276e-05,0.16755494782815303,15056702.777451098,141.2661193332739,logs/k_sweep\run_K070_seed003.npz
70,4,194,1.0,3.7907086744176696e-05,0.07718598097369014,16740450.516079895,169.07419226807872,logs/k_sweep\run_K070_seed004.npz
70,5,600,0.995,3.341615993192716e-05,0.182796865334628,25855246.644175038,148.53461183321392,logs/k_sweep\run_K070_seed005.npz
70,6,569,0.9982425307557118,3.396699081058389e-05,0.1823280787860835,62244783.475095764,166.17663637955147,logs/k_sweep\run_K070_seed006.npz
70,7,34,1.0,4.1066745095739044e-05,0.1906637905892773,2597551.105666773,167.4350235297264,logs/k_sweep\run_K070_seed007.npz
70,8,295,0.9898305084745763,3.1807416995344507e-05,0.15900498448656322,27762908.86032996,158.49038305088348,logs/k_sweep\run_K070_seed008.npz
70,9,600,0.9933333333333333,3.2160160274052104e-05,0.14399792998895675,77473988.0695993,158.52426583323904,logs/k_sweep\run_K070_seed009.npz
80,0,87,0.9885057471264368,4.081873460222538e-05,0.22452455897282575,18835177.50266313,170.09639080428857,logs/k_sweep\run_K080_seed000.npz
80,1,234,0.9914529914529915,4.184260528800987e-05,0.21020057624221733,40209441.34023456,174.43770256386804,logs/k_sweep\run_K080_seed001.npz
80,2,600,0.9833333333333333,4.5610484263425935e-05,0.2162129823582041,22472081.071744792,154.55229699997895,logs/k_sweep\run_K080_seed002.npz
80,3,600,0.9883333333333333,4.593732405076994e-05,0.22767039494276908,59096945.26384141,167.701232166631,logs/k_sweep\run_K080_seed003.npz
80,4,350,0.9971428571428571,4.456666577159806e-05,0.19713950777875772,46564254.36437933,179.4165937142056,logs/k_sweep\run_K080_seed004.npz
80,5,486,0.9897119341563786,4.219737937366981e-05,0.2006584146445586,78876957.90260182,187.9620302470245,logs/k_sweep\run_K080_seed005.npz
80,6,185,0.9945945945945946,4.325750935421022e-05,0.23306667939574394,34324236.84705446,174.49882108117595,logs/k_sweep\run_K080_seed006.npz
80,7,326,1.0,4.194522770080863e-05,0.20345015546936862,45304637.729750186,190.24234601224884,logs/k_sweep\run_K080_seed007.npz
80,8,600,0.995,3.928510572087064e-05,0.20742424592182096,115812719.4299671,173.40812516667333,logs/k_sweep\run_K080_seed008.npz
80,9,573,0.9947643979057592,4.3704789173612235e-05,0.2060296440421483,40213959.26587463,199.8484582895981,logs/k_sweep\run_K080_seed009.npz
90,0,300,0.9966666666666667,5.2228118561836085e-05,0.23049067482836047,18318272.08273381,204.999847666683,logs/k_sweep\run_K090_seed000.npz
90,1,406,0.9950738916256158,5.01562675112929e-05,0.2602176594467281,71456640.1395269,196.93296477842148,logs/k_sweep\run_K090_seed001.npz
90,2,600,0.9933333333333333,4.624845053562908e-05,0.24063729620567192,117137169.9076369,192.77608366661903,logs/k_sweep\run_K090_seed002.npz
90,3,100,1.0,5.6476905377053384e-05,0.2695775786514328,8137275.328369376,198.93496200023947,logs/k_sweep\run_K090_seed003.npz
90,4,374,1.0,5.074129870512124e-05,0.2639376854321753,107259429.16568409,192.23817299475715,logs/k_sweep\run_K090_seed004.npz
90,5,443,0.9977426636568849,5.15135663256673e-05,0.22740210779402312,32742553.483791757,208.12007674945278,logs/k_sweep\run_K090_seed005.npz
90,6,356,0.9915730337078652,4.602892701289213e-05,0.25933639919310303,62517946.477352604,202.06296264052398,logs/k_sweep\run_K090_seed006.npz
90,7,262,0.9961832061068703,4.6506221092669304e-05,0.2563792454513298,41238257.56743028,191.743084351304,logs/k_sweep\run_K090_seed007.npz
90,8,600,0.9883333333333333,4.771561631671035e-05,0.2221513754536004,87676070.48262386,196.57384116668254,logs/k_sweep\run_K090_seed008.npz
90,9,175,0.9885714285714285,5.095182792070262e-05,0.2606608397203232,14780308.258686949,211.47752457132032,logs/k_sweep\run_K090_seed009.npz
100,0,311,0.9935691318327974,5.481626398323493e-05,0.29929160978767444,45121897.37693553,231.50149581978354,logs/k_sweep\run_K100_seed000.npz
100,1,600,0.9816666666666667,5.5129255639243674e-05,0.26435240740141985,99976431.11509326,214.36517683339238,logs/k_sweep\run_K100_seed001.npz
100,2,177,1.0,5.8210989483740935e-05,0.2799735919351592,15302491.8010428,226.44014971765347,logs/k_sweep\run_K100_seed002.npz
100,3,235,1.0,5.621192934180619e-05,0.3039048401138876,23605678.066691432,226.32647787246785,logs/k_sweep\run_K100_seed003.npz
100,4,272,1.0,6.064365898167242e-05,0.25954410977376424,15594264.640077414,220.48789448539912,logs/k_sweep\run_K100_seed004.npz
100,5,349,0.9914040114613181,6.021601017836029e-05,0.2728911245488474,34736796.37049977,228.76947936972823,logs/k_sweep\run_K100_seed005.npz
100,6,250,0.972,5.5366739053695166e-05,0.2955404353987732,58207983.41151643,203.65468200015312,logs/k_sweep\run_K100_seed006.npz
100,7,128,0.9921875,5.952533578144428e-05,0.27815173616883093,17641556.04975731,218.21298750023743,logs/k_sweep\run_K100_seed007.npz
100,8,352,0.96875,6.121560210420012e-05,0.2972566779563997,18575610.748503998,223.81174147731352,logs/k_sweep\run_K100_seed008.npz
100,9,241,0.991701244813278,5.3699787507597465e-05,0.31107664108494304,53539283.997280814,219.72008672196824,logs/k_sweep\run_K100_seed009.npz
110,0,600,0.99,6.369183660922695e-05,0.323169677822314,60152412.23685218,260.95829533337263,logs/k_sweep\run_K110_seed000.npz
110,1,486,0.9876543209876543,6.20843623167825e-05,0.3449710729976052,82831082.80342743,229.45046358011498,logs/k_sweep\run_K110_seed001.npz
110,2,600,0.98,6.445475447174471e-05,0.3062057055806287,78795094.11742458,236.90656199999162,logs/k_sweep\run_K110_seed002.npz
110,3,353,0.9971671388101983,6.699845920746228e-05,0.3343853538993229,45866011.57787871,249.0439923510473,logs/k_sweep\run_K110_seed003.npz
110,4,197,0.9949238578680203,6.285233705682421e-05,0.33701142566592257,28096186.34224796,251.1575010152422,logs/k_sweep\run_K110_seed004.npz
110,5,100,0.98,6.67951939300751e-05,0.36425492080369615,32268927.957684167,234.72628099978465,logs/k_sweep\run_K110_seed005.npz
110,6,600,0.985,6.293656542899492e-05,0.3247741172444871,111469851.80856982,228.90608300000773,logs/k_sweep\run_K110_seed006.npz
110,7,237,0.9873417721518988,5.7234063516480454e-05,0.3144389990879141,33173144.89327065,237.06772489452533,logs/k_sweep\run_K110_seed007.npz
110,8,465,0.9913978494623656,6.354433284300077e-05,0.32432157432750625,83313804.2161463,233.13072365603813,logs/k_sweep\run_K110_seed008.npz
110,9,594,0.9966329966329966,6.563685330646236e-05,0.32926275241050407,90189673.82443616,234.73138484839583,logs/k_sweep\run_K110_seed009.npz
120,0,555,0.9981981981981982,6.965761723771221e-05,0.34152410784516,54561287.553886615,272.055227387364,logs/k_sweep\run_K120_seed000.npz
120,1,170,0.9941176470588236,7.261027207355396e-05,0.3628163942427265,17237529.747259643,258.5478429413556,logs/k_sweep\run_K120_seed001.npz
120,2,175,0.9885714285714285,6.973494979553128e-05,0.37907704246361673,7990000.680376643,281.56195999992116,logs/k_sweep\run_K120_seed002.npz
120,3,537,0.994413407821229,6.73747121425342e-05,0.3509551490852579,92760843.48136722,256.7186370577938,logs/k_sweep\run_K120_seed003.npz
120,4,300,0.9966666666666667,7.310484995663204e-05,0.359458169859538,45163395.75223535,253.78855633327476,logs/k_sweep\run_K120_seed004.npz
120,5,115,1.0,7.813254372307468e-05,0.3838298909046069,15060876.978027372,275.40399304369043,logs/k_sweep\run_K120_seed005.npz
120,6,146,1.0,7.420658408242013e-05,0.3757570790568958,27687089.138823975,268.7114369862385,logs/k_sweep\run_K120_seed006.npz
120,7,128,1.0,7.239464799664674e-05,0.330079266158216,13256782.93936711,258.61696718752114,logs/k_sweep\run_K120_seed007.npz
120,8,400,0.9925,7.153378060332775e-05,0.34711280540375705,36023708.03570722,263.2404065000901,logs/k_sweep\run_K120_seed008.npz
120,9,332,0.9969879518072289,7.313414042765875e-05,0.3647088181299972,51177546.24684401,262.5869710844484,logs/k_sweep\run_K120_seed009.npz
130,0,217,0.9907834101382489,7.42978408255495e-05,0.3914259174810759,38887810.396512434,269.9784806450288,logs/k_sweep\run_K130_seed000.npz
130,1,157,0.9745222929936306,8.111852456191152e-05,0.42459648862233473,35732484.94742319,265.50219490459864,logs/k_sweep\run_K130_seed001.npz
130,2,131,1.0,7.236648609032186e-05,0.41530248918730545,19154469.637185853,277.2481572519193,logs/k_sweep\run_K130_seed002.npz
130,3,204,0.9852941176470589,7.399523552688138e-05,0.39262839574252406,21980439.931070574,275.2691779411964,logs/k_sweep\run_K130_seed003.npz
130,4,323,0.9504643962848297,7.096136784962336e-05,0.38634144334163906,64895585.58284398,265.71359226012305,logs/k_sweep\run_K130_seed004.npz
130,5,522,0.9923371647509579,7.233945442916095e-05,0.3791756405990855,51891481.77485342,296.57833065146934,logs/k_sweep\run_K130_seed005.npz
130,6,343,0.9650145772594753,7.694352215765586e-05,0.39518809661650245,51534994.02067508,276.05807609330816,logs/k_sweep\run_K130_seed006.npz
130,7,34,0.9411764705882353,8.577007259816258e-05,0.40269114058354133,5387660.678629233,291.426394117747,logs/k_sweep\run_K130_seed007.npz
130,8,488,0.9918032786885246,7.802699559667879e-05,0.38115838968155596,25098887.99018445,309.16807459011653,logs/k_sweep\run_K130_seed008.npz
130,9,278,0.9676258992805755,7.477091145097512e-05,0.4043643566866231,56877564.69413896,270.42468417262467,logs/k_sweep\run_K130_seed009.npz
140,0,171,0.9707602339181286,8.07614291248483e-05,0.4200191343666828,13264289.980993744,325.7399637427864,logs/k_sweep\run_K140_seed000.npz
140,1,116,0.9827586206896551,8.776293940309725e-05,0.4311531644383463,22889192.932240896,299.9758465517077,logs/k_sweep\run_K140_seed001.npz
140,2,143,0.986013986013986,7.579711100914837e-05,0.4136860884280947,19729780.213887542,301.37143566430274,logs/k_sweep\run_K140_seed002.npz
140,3,600,0.9733333333333334,8.299700704069617e-05,0.4007041946050473,126955001.06625569,289.1216319999633,logs/k_sweep\run_K140_seed003.npz
140,4,600,0.975,7.98989549270917e-05,0.43131203922779837,83107598.6759069,306.9307870000739,logs/k_sweep\run_K140_seed004.npz
140,5,600,0.9816666666666667,7.751560331049411e-05,0.3912922360063843,70864314.80255234,320.6328093333771,logs/k_sweep\run_K140_seed005.npz
140,6,600,0.9883333333333333,8.572855939573021e-05,0.41009187218366117,69344732.53372498,325.4844691666464,logs/k_sweep\run_K140_seed006.npz
140,7,539,0.9888682745825603,7.708782119743353e-05,0.4209263343645632,124582001.88602984,291.5026417440408,logs/k_sweep\run_K140_seed007.npz
140,8,600,0.9833333333333333,7.906112143433586e-05,0.406043954925932,98173345.30369195,293.94222699994015,logs/k_sweep\run_K140_seed008.npz
140,9,192,1.0,7.755175394708215e-05,0.3966428816376653,25126771.45302557,306.5252380209434,logs/k_sweep\run_K140_seed009.npz
150,0,91,0.989010989010989,9.660182484276255e-05,0.4443378179102168,20954359.969203472,339.147368131807,logs/k_sweep\run_K150_seed000.npz
150,1,307,0.996742671009772,8.589731695190216e-05,0.43613531869771316,41600260.465725884,328.72251954392715,logs/k_sweep\run_K150_seed001.npz
150,2,256,0.9765625,8.957398579976391e-05,0.4674404921948235,48758366.948258296,339.2318835939534,logs/k_sweep\run_K150_seed002.npz
150,3,241,0.970954356846473,8.294433582408566e-05,0.4641113951790777,41755709.90667463,313.95492323654213,logs/k_sweep\run_K150_seed003.npz
150,4,141,0.9787234042553191,8.575866424831514e-05,0.44868979482627463,22955879.514252447,331.7142914894629,logs/k_sweep\run_K150_seed004.npz
150,5,348,0.9741379310344828,8.848100077450443e-05,0.45319542556609166,52807800.72963865,326.5474295976255,logs/k_sweep\run_K150_seed005.npz
150,6,333,0.978978978978979,8.840638854767889e-05,0.4587962652727738,55964165.102567665,341.3782861861072,logs/k_sweep\run_K150_seed006.npz
150,7,526,0.9885931558935361,8.96881243403416e-05,0.42873400293095104,4046256.400452347,380.7384022813992,logs/k_sweep\run_K150_seed007.npz
150,8,55,1.0,8.959185471546621e-05,0.4904239612699507,14685906.910695223,302.78350363627067,logs/k_sweep\run_K150_seed008.npz
150,9,147,0.9863945578231292,9.169839679800598e-05,0.44262366402332476,15887946.596019216,322.1592367347815,logs/k_sweep\run_K150_seed009.npz
160,0,328,0.9786585365853658,9.281991376938409e-05,0.48086291899087324,38088840.32574096,350.22607591473366,logs/k_sweep\run_K160_seed000.npz
160,1,600,0.9816666666666667,8.781444240801645e-05,0.4831595311273341,128722134.63798779,334.1965133333421,logs/k_sweep\run_K160_seed001.npz
160,2,518,0.9864864864864865,9.184794958342432e-05,0.4575693828526557,20298586.59877781,383.36612316604356,logs/k_sweep\run_K160_seed002.npz
160,3,131,0.9541984732824428,9.661290591171869e-05,0.4262729945240226,11291215.26968494,346.74732137372797,logs/k_sweep\run_K160_seed003.npz
160,4,584,0.988013698630137,9.225477768518512e-05,0.45334146261997044,41276600.9700573,378.6206208902351,logs/k_sweep\run_K160_seed004.npz
160,5,373,0.9785522788203753,9.2042672882385e-05,0.47776821678730447,32241853.464165345,358.763349866017,logs/k_sweep\run_K160_seed005.npz
160,6,180,0.9722222222222222,9.441982134376848e-05,0.4630849966326296,25256120.59445823,340.70904111099986,logs/k_sweep\run_K160_seed006.npz
160,7,600,0.9866666666666667,8.921015061996391e-05,0.47136543158899513,102116957.01031595,353.2028440000674,logs/k_sweep\run_K160_seed007.npz
160,8,259,0.9845559845559846,9.197444814738086e-05,0.47954156294797073,23983078.586198296,371.6991664089173,logs/k_sweep\run_K160_seed008.npz
160,9,488,0.9877049180327869,8.860649733378288e-05,0.4694165527974257,93974121.24602687,329.03419815564297,logs/k_sweep\run_K160_seed009.npz
170,0,110,0.9818181818181818,9.754022224020538e-05,0.4886140932878269,12938183.842214664,374.19116909103735,logs/k_sweep\run_K170_seed000.npz
170,1,240,0.9833333333333333,9.631787027314044e-05,0.5123324885839318,36490032.96335323,372.2473004164688,logs/k_sweep\run_K170_seed001.npz
170,2,210,0.9809523809523809,9.293456754884993e-05,0.5001535830727117,33265980.125695616,375.5323376191622,logs/k_sweep\run_K170_seed002.npz
170,3,334,0.9850299401197605,9.349058502515579e-05,0.49936426006628803,30089976.278771356,394.52996526932895,logs/k_sweep\run_K170_seed003.npz
170,4,274,0.9744525547445255,9.604680181287378e-05,0.4613000949254973,36423794.58877657,384.77898102207894,logs/k_sweep\run_K170_seed004.npz
170,5,146,0.9931506849315068,9.506897152471624e-05,0.5093057501514578,12421377.655908702,392.2527356161768,logs/k_sweep\run_K170_seed005.npz
170,6,250,0.988,9.563043922069535e-05,0.5076640922001735,44611631.67035155,379.61813559994334,logs/k_sweep\run_K170_seed006.npz
170,7,434,0.9746543778801844,9.647384153082572e-05,0.4702937355130311,87551219.22884119,388.2549983873063,logs/k_sweep\run_K170_seed007.npz
170,8,574,0.975609756097561,9.673876340368876e-05,0.497915210144329,119721176.06312826,360.970199825807,logs/k_sweep\run_K170_seed008.npz
170,9,487,0.9794661190965093,9.841681989789091e-05,0.49631817162470615,77917441.97240585,386.7002102670907,logs/k_sweep\run_K170_seed009.npz
180,0,506,0.9861660079051383,0.00010157920653814517,0.5130895813106082,28211351.419990227,432.0397531620351,logs/k_sweep\run_K180_seed000.npz
180,1,243,0.9876543209876543,9.893834709825761e-05,0.5141793786438676,13100630.513010662,442.254853086513,logs/k_sweep\run_K180_seed001.npz
180,2,138,0.9782608695652174,0.00010195483628427887,0.513000373150858,18254735.8838684,377.3453688407481,logs/k_sweep\run_K180_seed002.npz
180,3,239,0.9790794979079498,0.0001047015815862692,0.4946900827847925,12220167.023461482,418.8140945609052,logs/k_sweep\run_K180_seed003.npz
180,4,312,0.9711538461538461,9.898939603693636e-05,0.5341514886657849,44369130.42900404,417.10107211528316,logs/k_sweep\run_K180_seed004.npz
180,5,294,0.9829931972789115,0.0001052729561327617,0.47784517009292543,49138351.84153021,405.8462918368184,logs/k_sweep\run_K180_seed005.npz
180,6,546,0.9908424908424909,0.00010076453797282522,0.512239648006097,19477554.019366216,471.4469912086758,logs/k_sweep\run_K180_seed006.npz
180,7,409,0.9853300733496333,0.0001002138774524022,0.5165360854064869,65785749.02985902,396.4178066013555,logs/k_sweep\run_K180_seed007.npz
180,8,561,0.9732620320855615,9.946568239082519e-05,0.5231894222800849,116546702.11619397,387.1756541888764,logs/k_sweep\run_K180_seed008.npz
180,9,362,0.9834254143646409,9.730766771992531e-05,0.5405811601972765,72671110.57652214,387.9171994472595,logs/k_sweep\run_K180_seed009.npz
190,0,393,0.989821882951654,0.00010391543677152956,0.5557331096683344,14426850.015686482,480.84832290046404,logs/k_sweep\run_K190_seed000.npz
190,1,154,0.987012987012987,0.00010416284035580383,0.5568769601943068,12847475.539402414,447.40485259724477,logs/k_sweep\run_K190_seed001.npz
190,2,600,0.985,0.00010394689049901412,0.5537703195722817,100064827.10704902,438.3355965000131,logs/k_sweep\run_K190_seed002.npz
190,3,126,0.9761904761904762,0.00010890552041767628,0.5585737336328774,10088607.898990756,450.8423460320623,logs/k_sweep\run_K190_seed003.npz
190,4,175,0.9942857142857143,0.00011255198024882279,0.5375091145370356,28275969.916614696,426.9489022856994,logs/k_sweep\run_K190_seed004.npz
190,5,207,0.9903381642512077,0.00010678734155459943,0.5382397717900701,30139737.569249924,444.33678260897955,logs/k_sweep\run_K190_seed005.npz
190,6,235,0.9872340425531915,0.00010705357698621856,0.5688131108140431,34895544.27218504,407.6184106386636,logs/k_sweep\run_K190_seed006.npz
190,7,181,0.9834254143646409,0.0001024579196673599,0.5741676626227364,24544869.906288207,434.5570983424994,logs/k_sweep\run_K190_seed007.npz
190,8,123,0.967479674796748,0.00010936050705545097,0.5645235327084172,33375176.491126027,403.2397341463839,logs/k_sweep\run_K190_seed008.npz
190,9,269,0.9330855018587361,0.00010536164715328675,0.5688886926124812,64887715.463807605,395.55650780657,logs/k_sweep\run_K190_seed009.npz
200,0,111,0.9819819819819819,0.00011384317642588504,0.5702264767656283,11953313.188090427,356.56296576597197,logs/k_sweep\run_K200_seed000.npz
200,1,242,0.9917355371900827,0.00010819969692843495,0.5805448166425469,28699216.078492817,375.23926487654927,logs/k_sweep\run_K200_seed001.npz
200,2,129,0.9689922480620154,0.00011281299758335696,0.584089553759403,9190580.587472033,372.1509519377868,logs/k_sweep\run_K200_seed002.npz
200,3,319,0.987460815047022,0.00010430877181263437,0.5303050560493456,43728106.720852226,357.3392959248698,logs/k_sweep\run_K200_seed003.npz
200,4,474,0.9725738396624473,0.00010648264106813864,0.5500718558256241,102969634.55295537,339.4430839662586,logs/k_sweep\run_K200_seed004.npz
200,5,452,0.9823008849557522,0.00010934400872652746,0.5708988026643937,75080209.14069232,358.25880862814574,logs/k_sweep\run_K200_seed005.npz
200,6,162,1.0,0.00010249194945765993,0.5744997031547431,18405432.977558117,364.2437703704302,logs/k_sweep\run_K200_seed006.npz
200,7,256,0.984375,0.0001090978028152825,0.5359463966722299,48981766.35123161,353.5878039060947,logs/k_sweep\run_K200_seed007.npz
200,8,225,0.9244444444444444,0.00010969712079270901,0.5720225328983688,37536760.76724611,354.8879631110079,logs/k_sweep\run_K200_seed008.npz
200,9,353,0.9858356940509915,0.00010952763501581861,0.5694240969377619,44971247.71348453,372.3820223797112,logs/k_sweep\run_K200_seed009.npz
