N_loc,sigma_bar,succ,rmse,t_mean_ms,slack_max,Kopt_mean,seed
100,0.5,1,0.03479,222.0,0.0029,100.0,1
100,0.55,1,0.03479,221.0,0.0029,100.0,1
100,0.6,1,0.03479,222.0,0.0029,100.0,1
100,0.65,1,0.03479,222.0,0.0029,100.0,1
100,0.7,1,0.03479,222.0,0.0029,100.0,1
100,0.8,1,0.03479,222.0,0.0029,100.0,1
100,1.0,1,0.03479,222.0,0.0029,100.0,1
100,2.0,1,0.03479,222.0,0.0029,100.0,1
100,5.0,1,0.03479,222.0,0.0029,100.0,1
200,0.2,1,0.03391,186.0,0.00875,71.6,1
200,0.3,1,0.03443,255.0,0.00989,109.0,1
200,0.4,1,0.0341,288.0,0.0113,149.0,1
200,0.45,1,0.03437,259.0,0.00394,175.0,1
200,0.5,1,0.03507,249.0,0.00262,193.0,1
200,0.55,1,0.03447,214.0,0.000496,180.0,1
200,0.6,1,0.0343,216.0,0.000765,181.0,1
200,0.65,1,0.0347,211.0,0.0619,182.0,1
200,0.7,1,0.03462,214.0,0.012,182.0,1
200,0.8,1,0.03507,218.0,0.0131,181.0,1
200,1.0,1,0.03474,218.0,0.0145,180.0,1
200,2.0,1,0.03476,215.0,0.0145,180.0,1
200,5.0,1,0.03473,214.0,0.0145,180.0,1
500,0.2,1,0.03648,180.0,0.00583,68.6,1
500,0.3,1,0.03524,283.0,0.00929,106.0,1
500,0.4,1,0.04188,331.0,0.0055,151.0,1
500,0.45,1,0.03542,279.0,0.00314,174.0,1
500,0.5,1,0.03783,280.0,0.0008,197.0,1
500,0.55,1,0.0375,295.0,0.00166,222.0,1
500,0.6,1,0.0435,297.0,0.00269,254.0,1
500,0.65,1,0.03987,263.0,0.00637,285.0,1
500,0.7,1,0.04294,314.0,0.0113,315.0,1
500,0.8,1,0.04865,253.0,0.00646,375.0,1
500,1.0,1,0.03459,207.0,0.00252,227.0,1
500,2.0,1,0.03476,214.0,0.0145,180.0,1
500,5.0,1,0.03476,214.0,0.0145,180.0,1
1000,0.2,1,0.04016,176.0,0.00468,67.9,1
1000,0.3,1,0.0416,223.0,0.00471,103.0,1
1000,0.4,1,0.04278,327.0,0.00226,152.0,1
1000,0.45,1,0.04238,294.0,0.000488,175.0,1
1000,0.5,1,0.04596,298.0,0.000945,196.0,1
1000,0.55,1,0.04169,323.0,0.00652,227.0,1
1000,0.6,1,0.05161,306.0,0.00604,254.0,1
1000,0.65,1,0.05129,248.0,0.00836,280.0,1
1000,0.7,1,0.04482,275.0,0.00683,310.0,1
1000,0.8,1,0.05024,306.0,0.00557,377.0,1
1000,1.0,1,0.05834,69.8,0.000504,556.0,1
1000,2.0,1,0.03446,216.0,0.0231,198.0,1
1000,5.0,1,0.03476,215.0,0.0145,180.0,1
2000,0.2,1,0.03927,157.0,0.00724,65.1,1
2000,0.3,1,0.04236,178.0,0.00759,100.0,1
2000,0.4,1,0.04338,213.0,0.00335,146.0,1
2000,0.45,1,0.04291,236.0,0.00234,170.0,1
2000,0.5,1,0.0512,249.0,0.00693,195.0,1
2000,0.55,1,0.05323,318.0,0.041,224.0,1
2000,0.6,1,0.053,403.0,0.0231,251.0,1
2000,0.65,1,0.05224,394.0,0.012,283.0,1
2000,0.7,1,0.0527,412.0,0.0134,315.0,1
2000,0.8,1,0.04757,424.0,0.0232,374.0,1
2000,1.0,1,0.05836,67.2,0.0224,555.0,1
2000,2.0,1,0.05173,59.3,0.000471,1640.0,1
2000,5.0,1,0.03476,212.0,0.0145,180.0,1
10000,0.2,1,0.03726,130.0,0.0208,59.4,1
10000,0.3,1,0.0449,140.0,0.0291,92.0,1
10000,0.4,1,0.06867,182.0,0.0136,142.0,1
10000,0.45,1,0.0501,207.0,0.000834,164.0,1
10000,0.5,1,0.05074,190.0,0.00674,189.0,1
10000,0.55,1,0.05008,203.0,0.000407,215.0,1
10000,0.6,1,0.05409,242.0,0.000485,242.0,1
10000,0.65,1,0.05098,253.0,0.000515,280.0,1
10000,0.7,1,0.05476,222.0,0.000435,308.0,1
10000,0.8,1,0.05381,211.0,0.00276,368.0,1
10000,1.0,1,0.06091,71.5,0.000408,540.0,1
10000,2.0,0,0.1105,85.9,0.000274,2200.0,1
10000,5.0,1,0.04262,199.0,0.028,2160.0,1
20000,0.2,1,0.06339,85.3,1.7,56.4,1
20000,0.3,1,0.06096,97.3,0.000274,92.7,1
20000,0.4,1,0.05686,107.0,0.00032,135.0,1
20000,0.45,1,0.05288,107.0,0.000298,160.0,1
20000,0.5,1,0.0536,107.0,0.000308,186.0,1
20000,0.55,1,0.05323,112.0,0.000315,213.0,1
20000,0.6,1,0.05439,128.0,0.00028,239.0,1
20000,0.65,1,0.05362,154.0,0.000296,270.0,1
20000,0.7,1,0.05032,219.0,0.000305,301.0,1
20000,0.8,1,0.0523,206.0,0.000375,362.0,1
20000,1.0,1,0.05627,66.0,0.000291,515.0,1
20000,2.0,0,0.1134,80.3,0.000308,2200.0,1
20000,5.0,1,0.04243,205.0,1.01,2220.0,1
30000,0.2,0,0.08344,62.6,0.000323,56.5,1
30000,0.3,1,0.06123,84.9,0.000357,92.0,1
30000,0.4,1,0.05552,93.2,0.00176,134.0,1
30000,0.45,1,0.05394,99.1,0.00259,161.0,1
30000,0.5,1,0.05233,90.8,0.000292,186.0,1
30000,0.55,1,0.05137,99.2,0.000276,213.0,1
30000,0.6,1,0.05252,111.0,0.000276,240.0,1
30000,0.65,1,0.05189,143.0,0.000286,270.0,1
30000,0.7,1,0.05446,233.0,0.00028,302.0,1
30000,0.8,1,0.0566,208.0,0.0049,364.0,1
30000,1.0,1,0.06577,66.1,0.000296,527.0,1
30000,2.0,0,0.1049,69.4,0.000316,2130.0,1
