N_loc,sigma_bar,succ,rmse,t_mean_ms,slack_max,Kopt_mean,seed,rmse_n,t_mean_ms_n,slack_max_n,Kopt_mean_n,score
100,0.55,1,0.03479,221.0,0.0029,100.0,1,0.019959502458202015,0.40135653199646,0.04261188459347334,0.02807017543859639,0.12105583721687993
100,0.5,1,0.03479,222.0,0.0029,100.0,1,0.019959502458202015,0.4043055145974626,0.04261188459347334,0.02807017543859639,0.12179308286713059
100,0.6,1,0.03479,222.0,0.0029,100.0,1,0.019959502458202015,0.4043055145974626,0.04261188459347334,0.02807017543859639,0.12179308286713059
100,0.65,1,0.03479,222.0,0.0029,100.0,1,0.019959502458202015,0.4043055145974626,0.04261188459347334,0.02807017543859639,0.12179308286713059
100,0.7,1,0.03479,222.0,0.0029,100.0,1,0.019959502458202015,0.4043055145974626,0.04261188459347334,0.02807017543859639,0.12179308286713059
100,0.8,1,0.03479,222.0,0.0029,100.0,1,0.019959502458202015,0.4043055145974626,0.04261188459347334,0.02807017543859639,0.12179308286713059
100,1.0,1,0.03479,222.0,0.0029,100.0,1,0.019959502458202015,0.4043055145974626,0.04261188459347334,0.02807017543859639,0.12179308286713059
200,0.55,1,0.03447,214.0,0.000496,180.0,1,0.010702921608021389,0.38071365378944144,0.003602375620621129,0.3087719298245603,0.14649584668837717
200,0.6,1,0.0343,216.0,0.000765,181.0,1,0.005785363031362842,0.38661161899144675,0.007967416350112494,0.3122807017543848,0.14740263849358703
200,0.3,1,0.03443,255.0,0.00989,109.0,1,0.00954584900174886,0.5016219404305499,0.15603803589140885,0.05964912280701733,0.16937880030767138
500,1.0,1,0.03459,207.0,0.00252,227.0,1,0.014174139426839174,0.36007077558242295,0.03644565605367142,0.4736842105263141,0.17402911245602282
200,0.7,1,0.03462,214.0,0.012,182.0,1,0.01504194388154347,0.38071365378944144,0.1902768312045196,0.3157894736842094,0.1866189782935131
200,0.45,1,0.03437,259.0,0.00394,175.0,1,0.007810240092339867,0.5134178708345605,0.05948787849187863,0.29122807017543756,0.1870603499702674
2000,0.3,1,0.04236,178.0,0.00759,100.0,1,0.23893549319528692,0.2745502801533462,0.11871612630839719,0.02807017543859639,0.19216551889392022
200,0.5,1,0.03507,249.0,0.00262,193.0,1,0.028059010702109914,0.483928044824534,0.038068347774671926,0.3543859649122794,0.19297717977875375
500,0.3,1,0.03524,283.0,0.00929,106.0,1,0.032976569278768464,0.5841934532586239,0.14630188556540583,0.049122807017543686,0.19586778919187608
200,0.8,1,0.03507,218.0,0.0131,181.0,1,0.028059010702109914,0.39250958419345205,0.2081264401355252,0.3122807017543848,0.19781839361946973
200,1.0,1,0.03474,218.0,0.0145,180.0,1,0.018513161700361255,0.39250958419345205,0.23084412422953232,0.3087719298245603,0.19801727504809802
1000,0.3,1,0.0416,223.0,0.00471,103.0,1,0.2169511136761079,0.40725449719846524,0.07198260474358255,0.03859649122807004,0.20878006440298652
500,0.45,1,0.03542,279.0,0.00314,174.0,1,0.03818339600699504,0.5723975228546134,0.04650634472387457,0.287719298245613,0.21083190279806824
200,0.4,1,0.0341,288.0,0.0113,149.0,1,0.0,0.5989383662636372,0.17891798915751603,0.1999999999999993,0.21551818939741238
2000,0.4,1,0.04338,213.0,0.00335,146.0,1,0.2684408446552376,0.3777646711884388,0.049913997337975635,0.18947368421052563,0.24022135775837872
500,0.5,1,0.03783,280.0,0.0008,197.0,1,0.10789702053491777,0.575346505455616,0.008535358452462673,0.36842105263157765,0.2439656641631003
10000,0.3,1,0.0449,140.0,0.0291,92.0,1,0.3124096036935955,0.16248894131524572,0.4677571154956065,0.0,0.25913749990537094
2000,0.45,1,0.04291,236.0,0.00234,170.0,1,0.2548452415315347,0.44559127101149965,0.0335248109558705,0.2736842105263148,0.2610935081356101
30000,0.5,1,0.05233,90.8,0.000292,186.0,1,0.5273358403087264,0.01739899734591558,0.00029208450978009153,0.3298245614035076,0.2648161865724516
500,0.55,1,0.0375,295.0,0.00166,222.0,1,0.09835117153316891,0.6195812444706557,0.022490507253067046,0.45614035087719135,0.2671549338131236
20000,0.45,1,0.05288,107.0,0.000298,160.0,1,0.5432455886449743,0.06517251548215844,0.00038944601304012177,0.2385964912280693,0.26945872721534775
30000,0.55,1,0.05137,99.2,0.000276,213.0,1,0.49956609775818445,0.042170451194337814,3.245383442001007e-05,0.4245614035087704,0.2740597531950578
30000,0.4,1,0.05552,93.2,0.00176,134.0,1,0.6196123806589642,0.024476555588321944,0.024113198974067555,0.14736842105263104,0.2808919941133743
30000,0.45,1,0.05394,99.1,0.00259,161.0,1,0.5739080127111975,0.041875552934237524,0.03758154025837177,0.24210526315789388,0.28386419084339687
20000,0.5,1,0.0536,107.0,0.000308,186.0,1,0.5640728955578806,0.06517251548215844,0.000551715185140173,0.3298245614035076,0.291506314341246
1000,0.45,1,0.04238,294.0,0.000488,175.0,1,0.23951402949842318,0.616632261869653,0.0034725602829410876,0.29122807017543756,0.29434239984968635
20000,0.4,1,0.05686,107.0,0.00032,135.0,1,0.6583743129690955,0.06517251548215844,0.0007464381916602343,0.1508771929824556,0.30242372064387824
20000,0.55,1,0.05323,112.0,0.000315,213.0,1,0.5533699739498592,0.07991742848717166,0.0006653036056102087,0.4245614035087704,0.30514461794917425
30000,0.6,1,0.05252,111.0,0.000276,240.0,1,0.532831935188521,0.07696844588616902,3.245383442001007e-05,0.5192982456140333,0.31027611315593967
30000,0.3,1,0.06123,84.9,0.000357,92.0,1,0.7847844952043743,0.0,0.001346834128430422,0.0,0.3141831649074358
10000,0.45,1,0.0501,207.0,0.000834,164.0,1,0.4628290425090302,0.36007077558242295,0.009087073637602845,0.25263157894736754,0.3148614624688435
1000,0.4,1,0.04278,327.0,0.00226,152.0,1,0.2510847555611489,0.7139486877027403,0.03222665757907009,0.21052631578947292,0.3169453530343796
500,0.65,1,0.03987,263.0,0.00637,285.0,1,0.16690772345481913,0.5252138012385711,0.09891928731219098,0.6771929824561379,0.3194293445224293
500,0.4,1,0.04188,331.0,0.0055,151.0,1,0.225050621920016,0.725744618106751,0.08480186933948655,0.20701754385964838,0.3194694087415387
20000,0.3,1,0.06096,97.3,0.000274,92.7,1,0.7769742551120344,0.03656738425243277,0.0,0.002456140350877194,0.3202999691605536
10000,0.55,1,0.05008,203.0,0.000407,215.0,1,0.4622505062058939,0.34827484517841234,0.0021581799889306766,0.4315789473684195,0.3371373918800097
10000,0.5,1,0.05074,190.0,0.00674,189.0,1,0.48134220420939144,0.309938071365378,0.10492324667989288,0.34035087719298124,0.34205868044002685
30000,0.65,1,0.05189,143.0,0.000286,270.0,1,0.514608041639728,0.17133588911825365,0.00019472300652006132,0.6245614035087697,0.34240034406307407
20000,0.6,1,0.05439,128.0,0.00028,239.0,1,0.586925079531764,0.127101150103214,9.736150326003023e-05,0.5157894736842087,0.34393321269179244
200,0.65,1,0.0347,211.0,0.0619,182.0,1,0.017356089094088728,0.3718667059864335,0.9999999999837731,0.3157894736842094,0.3472775331836299
1000,0.5,1,0.04596,298.0,0.000945,196.0,1,0.3430720277598187,0.6284281922736636,0.01088826144791341,0.3649122807017531,0.35125035356718903
1000,0.55,1,0.04169,323.0,0.00652,227.0,1,0.2195545270402212,0.7021527572987297,0.10135332489369174,0.4736842105263141,0.35468329669845633
500,0.6,1,0.0435,297.0,0.00269,254.0,1,0.2719120624740552,0.625479209672661,0.039204231979372284,0.5684210526315769,0.35823863169839837
20000,0.65,1,0.05362,154.0,0.000296,270.0,1,0.5646514318610169,0.20377469772928275,0.0003569921786201117,0.6245614035087697,0.37055985613876685
2000,0.5,1,0.0512,249.0,0.00693,195.0,1,0.4946485391815261,0.483928044824534,0.10800636094979384,0.3614035087719285,0.394653225384492
20000,0.7,1,0.05032,219.0,0.000305,301.0,1,0.4691929418435293,0.3954585667944547,0.0005030344335101574,0.7333333333333307,0.39664242532272703
1000,0.7,1,0.04482,275.0,0.00683,310.0,1,0.31009545848105025,0.5606015924506028,0.10638366922879332,0.7649122807017517,0.4002021574560922
10000,0.65,1,0.05098,253.0,0.000515,280.0,1,0.4882846398470268,0.4957239752285446,0.003910687047611226,0.6596491228070152,0.41897435557652146
500,0.7,1,0.04294,314.0,0.0113,315.0,1,0.2557130459862392,0.675611913889706,0.17891798915751603,0.7824561403508744,0.4243402157510565
10000,0.6,1,0.05409,242.0,0.000485,242.0,1,0.5782470349847196,0.4632851666175155,0.0034238795313110727,0.5263157894736823,0.42675224997558125
20000,0.8,1,0.0523,206.0,0.000375,362.0,1,0.5264680358540218,0.35712179298142027,0.0016389186382105136,0.9473684210526282,0.4423007094725001
1000,0.65,1,0.05129,248.0,0.00836,280.0,1,0.4972519525456394,0.4809790622235314,0.1312108525601011,0.6596491228070152,0.4443350855072111
10000,0.7,1,0.05476,222.0,0.000435,308.0,1,0.5976280011397853,0.4043055145974626,0.0026125336708108186,0.7578947368421025,0.45433429636575734
30000,0.7,1,0.05446,233.0,0.00028,302.0,1,0.588949956592741,0.4367443232084917,9.736150326003023e-05,0.7368421052631553,0.45531185152934467
500,0.8,1,0.04865,253.0,0.00646,375.0,1,0.4208851605316493,0.4957239752285446,0.10037970986109143,0.9929824561403473,0.4613083684130662
1000,0.6,1,0.05161,306.0,0.00604,254.0,1,0.50650853339582,0.6520200530816848,0.09356440463288931,0.5684210526315769,0.4695844654500636
10000,0.8,1,0.05381,211.0,0.00276,368.0,1,0.5701475267408115,0.3718667059864335,0.040340116184072634,0.9684210526315755,0.47435686832448387
30000,0.8,1,0.0566,208.0,0.0049,364.0,1,0.6508533410283237,0.3630197581834256,0.07506571901348351,0.9543859649122772,0.5092673144967241
1000,0.8,1,0.05024,306.0,0.00557,377.0,1,0.46687879663098425,0.6520200530816848,0.08593775354418692,0.9999999999999964,0.5169440826316517
10000,0.4,1,0.06867,182.0,0.0136,142.0,1,0.9999999999710733,0.2863462105573568,0.2162398987405277,0.17543859649122745,0.5411503218495581
2000,0.65,1,0.05224,394.0,0.012,283.0,1,0.5247324269446131,0.9115305219699177,0.1902768312045196,0.6701754385964889,0.5763572833007019
2000,0.55,1,0.05323,318.0,0.041,224.0,1,0.5533699739498592,0.6874078442937165,0.6608574302946669,0.46315789473684044,0.5948451209228323
2000,0.6,1,0.053,403.0,0.0231,251.0,1,0.546716806463792,0.9380713653789414,0.370395612235576,0.5578947368421032,0.6109678969036828
2000,0.7,1,0.0527,412.0,0.0134,315.0,1,0.5380387619167475,0.9646122087879653,0.21299451529852673,0.7824561403508744,0.6163358810760268
2000,0.8,1,0.04757,424.0,0.0232,374.0,1,0.38964420016228984,0.999999999999997,0.3720183039565765,0.9894736842105227,0.628682393487809
