mode,seed,K,rho,steps,k_opt_mean,k_opt_var,sigma_min_Ag,kappa_Ag_mean,localness_mean,slack_max,slack_mean,kkt_res_max,eq_res_max,solver_fail_rate,rmse_ee,err_p95,err_max,err_final,success,effort_sum_sq,jerk_sum_sq,jerk_max,u_violation_rate,total_cost,ISE,IAE,solve_ms_mean,solve_ms_total,npz_path
adaptive_rho,0,40,0.1,200,69.4,7367.6399999999985,1.449226414161568e-05,162676.3801665845,1.2120348566212011,0.014484370476871294,0.0003576026005452508,20058453.945410807,4.5280444544793135e-05,0.025,0.06551282846572173,0.1417221132996877,0.18933254054304896,0.0160568774216476,0,2.571633686527013,5.350805557030096,0.7693358363658619,0.0,0.03712026773421523,9.336458141947609e-06,1.191792447145246e-05,240.99932849989273,48199.865699978545,logs/reacher_cdc_adapt_rho_sweep_kmin_40\run_adaptive_rho_K040_rho0.1_Kmin40_Kmax320_Kstep1_gmin1e-06_seed000.npz
adaptive_rho,1,40,0.1,200,63.8,6097.56,4.6398351123315273e-07,515057.673618239,1.096687830050765,0.016235122796140318,0.00038439240014592725,20050927.241724223,5.4494870470225784e-05,0.04,0.05779702158948815,0.12820908677080164,0.1845795350613701,0.012600403414253041,0,1.27872218228158,2.201368633352767,0.3978152430835472,0.0,0.029091411869127646,8.013920751368939e-06,1.018026308050103e-05,222.5461830003769,44509.23660007538,logs/reacher_cdc_adapt_rho_sweep_kmin_40\run_adaptive_rho_K040_rho0.1_Kmin40_Kmax320_Kstep1_gmin1e-06_seed001.npz
adaptive_rho,2,40,0.1,200,63.8,6097.56,7.961935645013993e-06,134110.6571902138,1.3886351972819437,0.01702480967322119,0.0005821285093656561,20056785.663657285,5.609429773748399e-05,0.065,0.06254971687485289,0.11615005771923553,0.1965072841060796,0.013195027019931726,0,6.513702759118034,12.272070635761885,1.0534431300164557,0.015,0.0355844710556867,8.788734875584677e-06,1.1380583182725789e-05,239.1302975002327,47826.05950004654,logs/reacher_cdc_adapt_rho_sweep_kmin_40\run_adaptive_rho_K040_rho0.1_Kmin40_Kmax320_Kstep1_gmin1e-06_seed002.npz
adaptive_rho,3,40,0.1,200,70.8,7675.36,2.4823508167015306e-05,164086.77909146372,1.223429991687144,0.005974705844092813,0.00033167993652291985,20057645.848551523,1.7763416922443332e-05,0.04,0.05624937512900346,0.12339952794204267,0.2005980452050341,0.015999317710237822,0,3.6497274828006554,6.926401366556248,1.0268110495389327,0.005,0.02858740215843017,7.585740593021786e-06,9.563795044922265e-06,229.21592300321208,45843.18460064242,logs/reacher_cdc_adapt_rho_sweep_kmin_40\run_adaptive_rho_K040_rho0.1_Kmin40_Kmax320_Kstep1_gmin1e-06_seed003.npz
adaptive_rho,4,40,0.1,200,61.0,5439.0,1.977866550015462e-05,117663.1477825293,1.2144742487580964,0.014564741698609879,0.00039667997351646155,20053975.928511295,4.102173312647069e-05,0.06,0.053349449673917644,0.11885689731567652,0.18075376050906805,0.015343563311907248,0,2.471272625957543,4.560197442717508,0.8039597802033649,0.005,0.026004943328777258,7.338175570598424e-06,9.251580880863552e-06,207.5639389990829,41512.78779981658,logs/reacher_cdc_adapt_rho_sweep_kmin_40\run_adaptive_rho_K040_rho0.1_Kmin40_Kmax320_Kstep1_gmin1e-06_seed004.npz
adaptive_rho,0,40,0.2,200,108.6,14502.039999999995,2.6448604973676765e-07,1091766.0731764885,1.2862321658809597,0.045449028012057024,0.0007154453426895078,20051891.311668303,4.993153475153977e-05,0.05,0.061836154606029176,0.12297645370655584,0.18933254054304896,0.015102497946109218,0,3.0563493131399935,6.759589785466595,0.8861661924812987,0.01,0.03382262761041408,8.730280324523606e-06,1.1240691133264679e-05,368.4874375004438,73697.48750008876,logs/reacher_cdc_adapt_rho_sweep_kmin_40\run_adaptive_rho_K040_rho0.2_Kmin40_Kmax320_Kstep1_gmin1e-06_seed000.npz
adaptive_rho,1,40,0.2,200,112.8,15084.159999999998,4.6398351123315273e-07,830376.4410414796,1.2021112503339044,0.004458473718485936,0.00020471868754007097,20050927.241724223,1.2586534259597469e-05,0.03,0.0535776534673926,0.12820908677080164,0.1845795350613701,0.015023638401650734,0,1.6119314998881942,3.278842375808344,0.5564931743846683,0.0,0.025473124289455133,7.160909728288334e-06,8.982536610862185e-06,383.4391974998289,76687.83949996578,logs/reacher_cdc_adapt_rho_sweep_kmin_40\run_adaptive_rho_K040_rho0.2_Kmin40_Kmax320_Kstep1_gmin1e-06_seed001.npz
adaptive_rho,2,40,0.2,200,112.8,15084.159999999998,2.71747264344476e-07,1030271.0202091414,1.3109834963862224,0.03927278107737428,0.0005031249755334384,20053329.3959007,0.00011143696234995914,0.04,0.050228363075054114,0.11684025415226135,0.1965072841060796,0.015318569451190821,0,3.189008702779135,6.65633480791025,0.9730654066760099,0.015,0.02375355552235275,6.565508316999007e-06,8.25903987601229e-06,352.9148314977647,70582.96629955294,logs/reacher_cdc_adapt_rho_sweep_kmin_40\run_adaptive_rho_K040_rho0.2_Kmin40_Kmax320_Kstep1_gmin1e-06_seed002.npz
adaptive_rho,3,40,0.2,200,114.2,15270.360000000004,2.578707401148784e-07,1126894.9998003466,1.2868041180367737,0.04497755950842729,0.0005799019831896,20053994.547169033,0.00012721207527530685,0.045,0.05326383151152017,0.12730817702739036,0.2005980452050341,0.01533997539325956,0,2.438553094805205,5.163893542369582,0.8682869300616856,0.0,0.02590516886467121,6.956707689146093e-06,8.754407905772483e-06,401.3712115029921,80274.24230059842,logs/reacher_cdc_adapt_rho_sweep_kmin_40\run_adaptive_rho_K040_rho0.2_Kmin40_Kmax320_Kstep1_gmin1e-06_seed003.npz
adaptive_rho,4,40,0.2,200,110.0,14700.0,1.4471129270804855e-05,368525.08715421945,1.289177469086145,0.012377042142105638,0.0002591028590317943,20053975.928511295,3.405495422552704e-05,0.03,0.05052274523825626,0.11885689731567652,0.18075376050906805,0.015470326562284753,0,2.763675997724329,6.025796655990104,0.8039597802033649,0.005,0.023764678394460382,6.755479422063574e-06,8.456939242829134e-06,339.4564850011375,67891.2970002275,logs/reacher_cdc_adapt_rho_sweep_kmin_40\run_adaptive_rho_K040_rho0.2_Kmin40_Kmax320_Kstep1_gmin1e-06_seed004.npz
adaptive_rho,0,40,0.3,200,136.6,17716.440000000002,2.6448604973676765e-07,1324536.847583882,1.3056312173332105,0.0027304634151697864,0.00018251769701116045,20051807.88549077,9.229637378934575e-06,0.015,0.057298809970787054,0.1169728188932697,0.18933254054304896,0.015169583331443756,0,2.6963582924123153,5.495149633118745,0.884286303178397,0.0,0.029479541980388813,7.978656304095324e-06,1.0220260553766441e-05,416.68622850294923,83337.24570058985,logs/reacher_cdc_adapt_rho_sweep_kmin_40\run_adaptive_rho_K040_rho0.3_Kmin40_Kmax320_Kstep1_gmin1e-06_seed000.npz
adaptive_rho,1,40,0.3,200,136.6,17716.44,4.6398351123315273e-07,929394.3543373339,1.225910104213732,0.05993962509514282,0.0005895835284813535,20050927.241724223,0.00020890505845182038,0.02,0.05268617421422368,0.12820908677080164,0.1845795350613701,0.01508082207658701,0,1.3987698109358675,2.6260734049774275,0.3978152430835472,0.0,0.0246938957882979,7.020915993684986e-06,8.78742550090212e-06,417.54105749947485,83508.21149989497,logs/reacher_cdc_adapt_rho_sweep_kmin_40\run_adaptive_rho_K040_rho0.3_Kmin40_Kmax320_Kstep1_gmin1e-06_seed001.npz
adaptive_rho,2,40,0.3,200,149.2,18651.36,2.71747264344476e-07,1874198.9223634303,1.436786215241013,0.0017231920803146357,0.0001725197119653569,20053329.3959007,5.377111266015759e-06,0.005,0.05552120128741898,0.1172199198427292,0.1965072841060796,0.0151513153152865,0,4.106922480599201,7.002438256738138,1.0805098260531987,0.0,0.029227649430081784,7.55576986029733e-06,9.599081869793934e-06,425.94190350035205,85188.38070007041,logs/reacher_cdc_adapt_rho_sweep_kmin_40\run_adaptive_rho_K040_rho0.3_Kmin40_Kmax320_Kstep1_gmin1e-06_seed002.npz
adaptive_rho,3,40,0.3,200,152.0,18816.0,2.578707401148784e-07,1438951.1467359953,1.351720425243854,0.005207470004674309,0.0002015290872916152,20053994.547169033,2.3592606270838573e-05,0.03,0.05186416939066224,0.11636670365250167,0.2005980452050341,0.015289529753702133,0,2.63019315939911,5.790909828127068,0.8682869300616856,0.005,0.02509360721186198,6.743310785542423e-06,8.531608296434464e-06,454.9782315004268,90995.64630008535,logs/reacher_cdc_adapt_rho_sweep_kmin_40\run_adaptive_rho_K040_rho0.3_Kmin40_Kmax320_Kstep1_gmin1e-06_seed003.npz
adaptive_rho,4,40,0.3,200,136.6,17716.44,1.4471129270804855e-05,509046.4537075765,1.3148845914919665,0.003266066709407623,0.00021149501837997383,20053975.928511295,9.50473363811445e-06,0.03,0.0504754325908626,0.11885689731567652,0.18075376050906805,0.015021838112733825,0,2.495520422328057,5.124048458162355,0.8039597802033649,0.005,0.02370516614173236,6.745512309141824e-06,8.48956746143283e-06,436.30753649777034,87261.50729955407,logs/reacher_cdc_adapt_rho_sweep_kmin_40\run_adaptive_rho_K040_rho0.3_Kmin40_Kmax320_Kstep1_gmin1e-06_seed004.npz
adaptive_rho,0,40,0.4,200,166.0,19404.0,2.6448604973676765e-07,1462525.1552115383,1.3566227551122176,0.002617706641746531,0.00017328782821598478,20051807.88549077,7.648883243016337e-06,0.01,0.057411237005192815,0.1169728188932697,0.18933254054304896,0.015285205699576365,0,3.4742084182837027,7.640663367098304,0.884286303178397,0.005,0.029567475273317764,7.982330252976e-06,1.0241920379373512e-05,548.4017065001535,109680.3413000307,logs/reacher_cdc_adapt_rho_sweep_kmin_40\run_adaptive_rho_K040_rho0.4_Kmin40_Kmax320_Kstep1_gmin1e-06_seed000.npz
adaptive_rho,1,40,0.4,200,184.2,19582.36,4.6398351123315273e-07,1178092.9616776123,1.3048561413797062,0.0014399408483048745,0.00015154207673177616,20050927.241724223,4.969205085502612e-06,0.005,0.05222571662246486,0.12820908677080164,0.1845795350613701,0.01491476716148286,0,1.8202715300257468,3.738215363574417,0.5891355542879679,0.0,0.024394305509202536,6.846395391114868e-06,8.607445465871768e-06,627.3612780010444,125472.25560020888,logs/reacher_cdc_adapt_rho_sweep_kmin_40\run_adaptive_rho_K040_rho0.4_Kmin40_Kmax320_Kstep1_gmin1e-06_seed001.npz
adaptive_rho,2,40,0.4,200,184.2,19582.36,2.71747264344476e-07,2102971.177174547,1.446609910627356,0.007573224671153762,0.00020008779613231185,20053329.3959007,2.0997116976960947e-05,0.01,0.058469569871470235,0.1172199198427292,0.1965072841060796,0.014643224311199006,0,3.625959724836867,6.458213493269853,1.0805098260531987,0.0,0.03149267583125087,8.145109354580423e-06,1.0536664865933825e-05,595.9480985018308,119189.61970036617,logs/reacher_cdc_adapt_rho_sweep_kmin_40\run_adaptive_rho_K040_rho0.4_Kmin40_Kmax320_Kstep1_gmin1e-06_seed002.npz
adaptive_rho,3,40,0.4,200,194.0,19404.0,2.578707401148784e-07,1649552.3213332794,1.4326302377091173,0.010579744919156815,0.0002760435588628592,20053994.547169033,2.9964032731009024e-05,0.025,0.05172722529265882,0.11636670365250167,0.2005980452050341,0.014833478941741926,0,3.1267154183847845,7.0885689191098304,0.8682869300616856,0.005,0.025057635500052324,6.651490140874944e-06,8.448151256681025e-06,656.8993195018265,131379.8639003653,logs/reacher_cdc_adapt_rho_sweep_kmin_40\run_adaptive_rho_K040_rho0.4_Kmin40_Kmax320_Kstep1_gmin1e-06_seed003.npz
adaptive_rho,4,40,0.4,200,173.0,19551.0,3.712019638696315e-06,847360.3053325926,1.3517365157916021,0.02589673238522148,0.00045214539843409777,20053975.928511295,7.371969643897165e-05,0.035,0.05449763293584127,0.12253690452811468,0.18075376050906805,0.014251397181953923,0,2.45102242907958,4.809428896692688,0.7491187162559102,0.0,0.026797199487933732,7.363080728006859e-06,9.337853399865827e-06,520.3006545006065,104060.1309001213,logs/reacher_cdc_adapt_rho_sweep_kmin_40\run_adaptive_rho_K040_rho0.4_Kmin40_Kmax320_Kstep1_gmin1e-06_seed004.npz
adaptive_rho,0,40,0.5,200,210.8,18651.359999999997,2.6448604973676765e-07,1769100.0148422853,1.4376031958447408,0.005242977891850748,0.00017674090636134854,20051807.88549077,1.5138158561568257e-05,0.005,0.05278736681958333,0.11934333793274407,0.18933254054304896,0.0152644709718847,0,2.85115066459793,5.804048260011951,0.6199836148201402,0.0,0.02551305688988455,6.990917994410041e-06,8.888697176602804e-06,615.8248680020915,123164.9736004183,logs/reacher_cdc_adapt_rho_sweep_kmin_40\run_adaptive_rho_K040_rho0.5_Kmin40_Kmax320_Kstep1_gmin1e-06_seed000.npz
adaptive_rho,1,40,0.5,200,273.8,10801.56,4.6398351123315273e-07,1530127.69651811,1.4103909247830233,0.004079483729355494,0.0001479044861710645,20050927.241724223,1.0640368197957127e-05,0.005,0.05074578886225336,0.12820908677080164,0.1845795350613701,0.0019133085896324731,1,0.9555574868421279,1.3215191789109753,0.3978152430835472,0.0,0.0231620660662227,5.160962268451218e-06,6.678058162968647e-06,570.4411830019671,114088.23660039343,logs/reacher_cdc_adapt_rho_sweep_kmin_40\run_adaptive_rho_K040_rho0.5_Kmin40_Kmax320_Kstep1_gmin1e-06_seed001.npz
adaptive_rho,2,40,0.5,200,236.0,16464.0,2.71747264344476e-07,2396288.5743276193,1.5179484339431994,0.005053566955438524,0.0001837244791844484,20053329.3959007,1.3913246810965893e-05,0.005,0.057009379485764844,0.1172199198427292,0.1965072841060796,0.0006242246706401764,1,4.1965770529927315,7.7552593410898325,1.0805098260531987,0.0,0.030223778747371047,7.480805228354835e-06,9.783979862119293e-06,664.3981600002735,132879.6320000547,logs/reacher_cdc_adapt_rho_sweep_kmin_40\run_adaptive_rho_K040_rho0.5_Kmin40_Kmax320_Kstep1_gmin1e-06_seed002.npz
adaptive_rho,3,40,0.5,200,261.2,13006.56,2.578707401148784e-07,2307707.8758408558,1.532796811977082,0.00917558509312257,0.00023702454586994816,20053994.547169033,3.069695666956827e-05,0.015,0.05970048650676503,0.11965541626406528,0.2005980452050341,0.0018992613184403355,1,3.4679321180607108,7.692324455115168,1.3173383487309402,0.005,0.03253359691628803,7.012254442951802e-06,9.180608718627946e-06,587.6823315015645,117536.4663003129,logs/reacher_cdc_adapt_rho_sweep_kmin_40\run_adaptive_rho_K040_rho0.5_Kmin40_Kmax320_Kstep1_gmin1e-06_seed003.npz
adaptive_rho,4,40,0.5,200,231.8,16916.759999999995,3.712019638696315e-06,1157949.8565867264,1.4072696448503035,0.001263068999906223,0.00014705763542647535,20053975.928511295,4.0017019973190296e-06,0.005,0.05294660998215029,0.12253690452811468,0.18075376050906805,0.0012359974684229783,1,2.4657825762303807,4.8331898594412905,0.7491187162559102,0.0,0.025485459477249724,6.6091473884731944e-06,8.464109431102049e-06,537.6888069979032,107537.76139958063,logs/reacher_cdc_adapt_rho_sweep_kmin_40\run_adaptive_rho_K040_rho0.5_Kmin40_Kmax320_Kstep1_gmin1e-06_seed004.npz
adaptive_rho,0,40,0.6,200,279.4,9719.640000000001,2.6448604973676765e-07,2341997.4818867566,1.5276151515484389,0.0006283592540252035,0.00011857615330875856,20051807.88549077,2.5003864666274736e-06,0.0,0.04746217709183361,0.11295217329018663,0.18933254054304896,0.0018865241144425456,1,2.206237714520222,3.7161350162193627,0.6125865634158889,0.0,0.021513641690832534,5.10543591098978e-06,6.636735218138943e-06,583.6639534990536,116732.79069981072,logs/reacher_cdc_adapt_rho_sweep_kmin_40\run_adaptive_rho_K040_rho0.6_Kmin40_Kmax320_Kstep1_gmin1e-06_seed000.npz
adaptive_rho,1,40,0.6,200,278.0,9996.0,4.6398351123315273e-07,1584389.7167960291,1.4541537250027006,0.0014399408483048745,0.00013678176368148734,20050927.241724223,5.370701741783703e-06,0.0,0.05023822564012509,0.12820908677080164,0.1845795350613701,0.0019159937499881269,1,1.5328042012775969,3.107057511719261,0.7390518847577384,0.0,0.022866474271868328,5.08409345588408e-06,6.403860298028651e-06,545.282946000516,109056.58920010319,logs/reacher_cdc_adapt_rho_sweep_kmin_40\run_adaptive_rho_K040_rho0.6_Kmin40_Kmax320_Kstep1_gmin1e-06_seed001.npz
adaptive_rho,2,40,0.6,200,275.2,10536.959999999997,2.71747264344476e-07,2737845.2053335304,1.5614687121514657,0.0017231920803146357,0.00014895383581531744,20053329.3959007,5.377111266015759e-06,0.0,0.05593441985709325,0.1172199198427292,0.1965072841060796,0.0018707895731952169,1,3.60930733339998,6.46832733111223,1.0805098260531987,0.0,0.029194062421538648,6.56527615407103e-06,8.643655160995361e-06,603.0378854955779,120607.57709911559,logs/reacher_cdc_adapt_rho_sweep_kmin_40\run_adaptive_rho_K040_rho0.6_Kmin40_Kmax320_Kstep1_gmin1e-06_seed002.npz
adaptive_rho,3,40,0.6,200,275.2,10536.96,2.578707401148784e-07,2413917.2833498186,1.5336591027288449,0.024378045213218145,0.0002578830911714116,20053994.547169033,7.851430810977528e-05,0.005,0.05173756434803871,0.11579227506084087,0.2005980452050341,0.0018678166407295519,1,2.6403217732475737,5.143443563178804,1.2074828144323968,0.005,0.025120504656240862,5.743417774264881e-06,7.498848122159046e-06,604.6764119993895,120935.2823998779,logs/reacher_cdc_adapt_rho_sweep_kmin_40\run_adaptive_rho_K040_rho0.6_Kmin40_Kmax320_Kstep1_gmin1e-06_seed003.npz
adaptive_rho,4,40,0.6,200,279.4,9719.64,3.712019638696315e-06,1367254.8079904912,1.4901719024239855,0.001263068999906223,0.0001281843633066626,20053975.928511295,4.0017019973190296e-06,0.0,0.051674205555440965,0.12253690452811468,0.18075376050906805,0.0019057807226266182,1,1.977979552194514,3.574549739051336,0.7491187162559102,0.0,0.02449628314168735,5.529564002420498e-06,7.180749240432674e-06,558.8846085019759,111776.92170039518,logs/reacher_cdc_adapt_rho_sweep_kmin_40\run_adaptive_rho_K040_rho0.6_Kmin40_Kmax320_Kstep1_gmin1e-06_seed004.npz
adaptive_rho,0,40,0.7,200,292.0,7056.0,2.6448604973676765e-07,2405298.0814268743,1.549857830146757,0.0006283592540252035,0.00011675974992106035,20051807.88549077,2.5003864666274736e-06,0.0,0.046835768298214675,0.11295217329018663,0.18933254054304896,0.0019116592941029566,1,2.0543156564789227,3.3982064300754087,0.6125865634158889,0.0,0.02106893500663147,4.760170567907734e-06,6.22139932184411e-06,597.6460649998626,119529.21299997251,logs/reacher_cdc_adapt_rho_sweep_kmin_40\run_adaptive_rho_K040_rho0.7_Kmin40_Kmax320_Kstep1_gmin1e-06_seed000.npz
adaptive_rho,1,40,0.7,200,282.2,9155.16,4.6398351123315273e-07,1617011.6607046379,1.4805301610577413,0.0014399408483048745,0.00013342844570152313,20050927.241724223,4.969205085502612e-06,0.0,0.04877550307860099,0.12820908677080164,0.1845795350613701,0.0019153342026248371,1,1.2885612501655652,2.0829599199833697,0.3978152430835472,0.0,0.021852303047834174,4.8085926526157e-06,6.226917850628635e-06,522.172918501019,104434.5837002038,logs/reacher_cdc_adapt_rho_sweep_kmin_40\run_adaptive_rho_K040_rho0.7_Kmin40_Kmax320_Kstep1_gmin1e-06_seed001.npz
adaptive_rho,2,40,0.7,200,279.4,9719.640000000001,2.71747264344476e-07,2783806.5900271167,1.5588159845563245,0.0017231920803146357,0.00013626748815242124,20053329.3959007,5.377111266015759e-06,0.005,0.05585923886407998,0.1172199198427292,0.1965072841060796,0.0019053701385608995,1,3.038585218495214,4.681010358670136,1.0805098260531987,0.0,0.029055069530793707,6.38945839519899e-06,8.41154662181551e-06,657.166736999352,131433.3473998704,logs/reacher_cdc_adapt_rho_sweep_kmin_40\run_adaptive_rho_K040_rho0.7_Kmin40_Kmax320_Kstep1_gmin1e-06_seed002.npz
adaptive_rho,3,40,0.7,200,280.8,9439.359999999999,2.578707401148784e-07,2471003.1479070154,1.5409324246801908,0.0016961910457326233,0.0001408480514477393,20053994.547169033,5.39082674155082e-06,0.0,0.0503566305338414,0.11579227506084087,0.2005980452050341,0.001912742376071864,1,2.410253178911327,4.51659739768712,1.2074828144323968,0.005,0.0240260473718793,5.24846731641059e-06,6.930479161033933e-06,567.2971254982986,113459.42509965971,logs/reacher_cdc_adapt_rho_sweep_kmin_40\run_adaptive_rho_K040_rho0.7_Kmin40_Kmax320_Kstep1_gmin1e-06_seed003.npz
adaptive_rho,4,40,0.7,200,290.6,7367.639999999998,2.514958127046302e-07,2415756.641206499,1.4983974039733858,0.0022406248109435355,0.00014031114496365336,20050801.285476223,7.452159525372814e-06,0.02,0.04728064584955969,0.11693535870249559,0.18075376050906805,0.0019152699808704422,1,1.274880739880409,2.6618842341492464,0.7902929626635274,0.0,0.02084746996305547,4.77145702248802e-06,6.198319574226576e-06,570.2552320001996,114051.04640003992,logs/reacher_cdc_adapt_rho_sweep_kmin_40\run_adaptive_rho_K040_rho0.7_Kmin40_Kmax320_Kstep1_gmin1e-06_seed004.npz
adaptive_rho,0,40,0.8,200,287.8,7979.159999999999,2.6448604973676765e-07,2594214.8703969563,1.5365794060459095,0.002457632195607894,0.0001332019965166759,20051807.88549077,7.4212525354841e-06,0.0,0.05379928745657842,0.11717799558559278,0.18933254054304896,0.0019073482207256755,1,2.751624912828421,4.949148870429137,0.859688948770726,0.005,0.026741713244525296,6.000156962676897e-06,7.963710620246584e-06,592.1077439977671,118421.54879955342,logs/reacher_cdc_adapt_rho_sweep_kmin_40\run_adaptive_rho_K040_rho0.8_Kmin40_Kmax320_Kstep1_gmin1e-06_seed000.npz
adaptive_rho,1,40,0.8,200,297.6,5770.240000000002,4.6398351123315273e-07,1776253.5548605171,1.5475105212072913,0.0010162274480276649,0.00011866017344488143,20050927.241724223,4.891272127500838e-06,0.0,0.043773356431439245,0.10745494048749643,0.1845795350613701,0.0019163586384484002,1,1.6722434487736473,2.3302351585560706,0.7419128814169951,0.005,0.018689880494102466,4.2243228247014485e-06,5.492185704902815e-06,583.9323560026241,116786.47120052483,logs/reacher_cdc_adapt_rho_sweep_kmin_40\run_adaptive_rho_K040_rho0.8_Kmin40_Kmax320_Kstep1_gmin1e-06_seed001.npz
adaptive_rho,2,40,0.8,200,290.6,7367.639999999998,2.71747264344476e-07,2420141.9269646327,1.5243180112269057,0.0015444852335958837,0.00013371264967218193,20053329.3959007,6.20418569532002e-06,0.005,0.04812526628426825,0.12276057580375199,0.1965072841060796,0.001908393910577798,1,2.3772073902134,2.707900301767755,0.5332255627472184,0.0,0.022018398412362278,4.7995339035402345e-06,6.199925930108885e-06,614.0227809984935,122804.55619969871,logs/reacher_cdc_adapt_rho_sweep_kmin_40\run_adaptive_rho_K040_rho0.8_Kmin40_Kmax320_Kstep1_gmin1e-06_seed002.npz
adaptive_rho,3,40,0.8,200,287.8,7979.16,2.578707401148784e-07,2495852.1277056686,1.5697192859033406,0.0016961910457326233,0.00013537111937344403,20053994.547169033,5.39082674155082e-06,0.0,0.05014264170056697,0.11579227506084087,0.2005980452050341,0.0019124751683383169,1,2.70282277062764,5.475789871318809,1.2074828144323968,0.005,0.02394261981272718,5.127172069259989e-06,6.80546959809921e-06,592.0547845013789,118410.95690027578,logs/reacher_cdc_adapt_rho_sweep_kmin_40\run_adaptive_rho_K040_rho0.8_Kmin40_Kmax320_Kstep1_gmin1e-06_seed003.npz
adaptive_rho,4,40,0.8,200,290.6,7367.639999999998,2.514958127046302e-07,2416477.2812322862,1.4983151643489845,0.0022406248109435355,0.00013972193389637566,20050801.285476223,7.452159525372814e-06,0.02,0.047280697583355444,0.11693535870249559,0.18075376050906805,0.001913905019446413,1,1.2748755587896599,2.6618684560235772,0.7902929626635274,0.0,0.020847523527196127,4.771556745974589e-06,6.198577268560267e-06,573.8389620019007,114767.79240038013,logs/reacher_cdc_adapt_rho_sweep_kmin_40\run_adaptive_rho_K040_rho0.8_Kmin40_Kmax320_Kstep1_gmin1e-06_seed004.npz
adaptive_rho,0,40,0.9,200,283.6,8867.039999999999,2.6448604973676765e-07,2565342.9215462497,1.5268789349261078,0.002457632195607894,0.00014035874118133147,20051807.88549077,7.4212525354841e-06,0.005,0.05290490764084989,0.11672786008590566,0.18933254054304896,0.0019083976625691667,1,2.428536759424961,3.8155411179848677,0.859688948770726,0.005,0.025944221649381934,5.861110858510654e-06,7.74338693955412e-06,586.9741934997728,117394.83869995456,logs/reacher_cdc_adapt_rho_sweep_kmin_40\run_adaptive_rho_K040_rho0.9_Kmin40_Kmax320_Kstep1_gmin1e-06_seed000.npz
adaptive_rho,1,40,0.9,200,294.8,6420.96,4.6398351123315273e-07,1743275.6307319924,1.543459195053781,0.0011294382354605703,0.00012020248959942095,20050927.241724223,4.891272127500838e-06,0.0,0.043779793878307854,0.10745494048749643,0.1845795350613701,0.0019144488928331557,1,1.6919771216506034,2.3657469210945337,0.7419128814169951,0.005,0.01873087469391317,4.205344899662181e-06,5.464831363379043e-06,609.7301009960938,121946.02019921876,logs/reacher_cdc_adapt_rho_sweep_kmin_40\run_adaptive_rho_K040_rho0.9_Kmin40_Kmax320_Kstep1_gmin1e-06_seed001.npz
adaptive_rho,2,40,0.9,200,294.8,6420.960000000001,2.71747264344476e-07,2454923.1737298877,1.5330098672736225,0.0011793991234444233,0.00011995467187310327,20053329.3959007,3.4052115460072737e-06,0.0,0.047501315381339296,0.12276057580375199,0.1965072841060796,0.0019065377227157555,1,2.1087867644868155,2.0830731939007077,0.5332255627472184,0.0,0.021526965757739297,4.639297000331688e-06,6.018986902503074e-06,730.1155795005616,146023.11590011232,logs/reacher_cdc_adapt_rho_sweep_kmin_40\run_adaptive_rho_K040_rho0.9_Kmin40_Kmax320_Kstep1_gmin1e-06_seed002.npz
adaptive_rho,3,40,0.9,200,286.4,8279.039999999999,2.578707401148784e-07,2523586.1231654473,1.5646634551848309,0.005778425734645011,0.0001551537472636412,20053994.547169033,1.760033102575592e-05,0.005,0.05173215128692108,0.11575521588167181,0.2005980452050341,0.0019053384192247583,1,2.3955355557297553,4.414168179909907,1.2074828144323968,0.005,0.025110545618564253,5.467897610711285e-06,7.270527337334985e-06,677.8567680018023,135571.35360036045,logs/reacher_cdc_adapt_rho_sweep_kmin_40\run_adaptive_rho_K040_rho0.9_Kmin40_Kmax320_Kstep1_gmin1e-06_seed003.npz
adaptive_rho,4,40,0.9,200,290.6,7367.639999999998,2.514958127046302e-07,2422342.7214756394,1.5016524411485666,0.0022406248109435355,0.0001390573594828366,20050801.285476223,7.452159525372814e-06,0.015,0.04747635527367863,0.11693535870249559,0.18075376050906805,0.0019083802964084816,1,1.436679248699737,3.0476263565812833,0.7902929626635274,0.0,0.020992748677598372,4.820245891681607e-06,6.279005801407193e-06,652.2014409984695,130440.2881996939,logs/reacher_cdc_adapt_rho_sweep_kmin_40\run_adaptive_rho_K040_rho0.9_Kmin40_Kmax320_Kstep1_gmin1e-06_seed004.npz
adaptive_rho,0,40,1.0,200,282.2,9155.159999999998,2.6448604973676765e-07,2631234.6911615487,1.5621587852269445,0.08484936756514966,0.000564498269797254,20051807.88549077,0.0004153984254577184,0.01,0.05447637403085095,0.11565396190533747,0.18933254054304896,0.001898748240998624,1,2.7141616166617664,4.806197281358487,0.7964817770388931,0.005,0.02745675216495822,6.161065760573435e-06,8.145190910116672e-06,663.5226795024937,132704.53590049874,logs/reacher_cdc_adapt_rho_sweep_kmin_40\run_adaptive_rho_K040_rho1_Kmin40_Kmax320_Kstep1_gmin1e-06_seed000.npz
adaptive_rho,1,40,1.0,200,300.4,5103.840000000001,4.6398351123315273e-07,1778351.1137408125,1.552862199860436,0.0011294382354605703,0.00012452924052926316,20050927.241724223,4.891272127500838e-06,0.0,0.04358781075724385,0.10745494048749643,0.1845795350613701,0.0018995158787930982,1,1.5626458829384784,2.0347249771715354,0.7419128814169951,0.005,0.01859201960848214,4.106079327677687e-06,5.304902180668648e-06,710.2395455009537,142047.90910019074,logs/reacher_cdc_adapt_rho_sweep_kmin_40\run_adaptive_rho_K040_rho1_Kmin40_Kmax320_Kstep1_gmin1e-06_seed001.npz
adaptive_rho,2,40,1.0,200,294.8,6420.960000000001,2.71747264344476e-07,2432715.9260533247,1.551604018645094,0.003463912844817485,0.00013201013359981814,20053281.8097827,1.0329736703160754e-05,0.005,0.04730544535777333,0.11766688248452961,0.1965072841060796,0.0019057503640924813,1,2.012124904079239,2.3587077187486054,0.8214203624725004,0.005,0.021485566506275748,4.624350579155654e-06,5.998175358946393e-06,753.3639890010818,150672.79780021636,logs/reacher_cdc_adapt_rho_sweep_kmin_40\run_adaptive_rho_K040_rho1_Kmin40_Kmax320_Kstep1_gmin1e-06_seed002.npz
adaptive_rho,3,40,1.0,200,297.6,5770.240000000002,2.578707401148784e-07,2618979.688164139,1.5723173495613678,0.0016961910457326233,0.00012723565303767787,20053994.547169033,5.39082674155082e-06,0.0,0.051136058572141214,0.11575521588167181,0.2005980452050341,0.0019116900711116608,1,2.353872283033867,4.383619069081184,1.2074828144323968,0.005,0.02464911693226707,5.332487644457855e-06,7.028441950050711e-06,770.114637001534,154022.9274003068,logs/reacher_cdc_adapt_rho_sweep_kmin_40\run_adaptive_rho_K040_rho1_Kmin40_Kmax320_Kstep1_gmin1e-06_seed003.npz
adaptive_rho,4,40,1.0,200,296.2,6097.559999999999,2.514958127046302e-07,2466444.2442768686,1.4960859688289685,0.009063645017765232,0.00016466197502827391,20050801.285476223,2.667108679022001e-05,0.01,0.04793139969583016,0.11776828935729719,0.18075376050906805,0.0019096327593062905,1,1.6323754146540113,4.006858404145901,0.7902929626635274,0.0,0.021292110384656487,4.809153940435175e-06,6.169027700957745e-06,714.4759470014833,142895.18940029666,logs/reacher_cdc_adapt_rho_sweep_kmin_40\run_adaptive_rho_K040_rho1_Kmin40_Kmax320_Kstep1_gmin1e-06_seed004.npz
