mode,seed,K,rho,measurement_noise_std,steps,k_opt_mean,k_opt_var,sigma_min_Ag,kappa_Ag_mean,localness_mean,slack_max,slack_mean,kkt_res_max,eq_res_max,solver_fail_rate,rmse_ee,err_p95,err_max,err_final,success,effort_sum_sq,jerk_sum_sq,jerk_max,u_violation_rate,total_cost,ISE,IAE,solve_ms_mean,solve_ms_total,npz_path
adaptive_rho,0,50,0.3,0.005,600,200.0,0.0,1.7154105014817085e-07,2008647.2581972664,2.763672508888687,0.019326862510276127,0.0054219538108872785,20049999.817099836,1.4239507217939943e-05,0.0,0.029891242986092303,0.05042660765537645,0.18933254054304896,0.021289377907174303,1,143.97889970940554,375.9107017882095,1.4142159728798838,0.19166666666666668,0.04614452703622375,1.1954597886536827e-05,1.5304790772347368e-05,1130.3342366680347,678200.5420008209,logs/reacher_cdc_adaptive_k_noise\run_adaptive_rho_K050_rho0.3_noise0.005_Kmin50_Kmax200_Kstep1_gmin1e-06_seed000.npz
adaptive_rho,1,50,0.3,0.005,600,200.0,0.0,2.630857068115694e-07,2043561.8585153925,2.7380068683691685,0.025192625551122755,0.005861424066111274,20056837.344250064,1.7246512686495726e-05,0.0,0.02780228007284132,0.04683157266199207,0.1845795350613701,0.008157226645370665,1,148.0478277992897,390.92876336294285,1.4142145776548034,0.22333333333333333,0.04296311843379699,9.634171142826722e-06,1.2319487310360411e-05,1214.1347343314555,728480.8405988733,logs/reacher_cdc_adaptive_k_noise\run_adaptive_rho_K050_rho0.3_noise0.005_Kmin50_Kmax200_Kstep1_gmin1e-06_seed001.npz
adaptive_rho,2,50,0.3,0.005,600,200.0,0.0,1.5848014219331683e-07,1820941.274019897,2.803872696152633,0.02288579943496516,0.005136619411527469,20054497.30057452,5.609409510159458e-05,0.0033333333333333335,0.0295023229837223,0.04134241143109243,0.1965072841060796,0.03874609839172808,1,147.44568551591874,393.53945313533256,1.4142118221725093,0.20833333333333334,0.04697293788503624,1.1599438166140175e-05,1.4642752906870252e-05,1184.6756183319183,710805.3709991509,logs/reacher_cdc_adaptive_k_noise\run_adaptive_rho_K050_rho0.3_noise0.005_Kmin50_Kmax200_Kstep1_gmin1e-06_seed002.npz
adaptive_rho,3,50,0.3,0.005,600,200.0,0.0,1.653171878925852e-07,1882351.3839170304,2.732543385356638,0.02519792918521427,0.005176451005952677,20056053.115996465,2.6791966557190383e-05,0.005,0.03210902748659689,0.045391065368620837,0.2006017689611975,0.02221144279608147,1,140.78417889879637,360.72674001072346,1.4142220385850717,0.2,0.04999901365848377,1.3324461764995283e-05,1.7088718879111275e-05,1162.35705883378,697414.235300268,logs/reacher_cdc_adaptive_k_noise\run_adaptive_rho_K050_rho0.3_noise0.005_Kmin50_Kmax200_Kstep1_gmin1e-06_seed003.npz
adaptive_rho,4,50,0.3,0.005,600,200.0,0.0,1.5843955182861077e-07,2099877.8403719435,2.724094398498392,0.0195652006937064,0.005547604791560202,20051115.498055443,3.588857557424665e-05,0.0,0.028246633754776495,0.04496208718601292,0.18075376050906805,0.010120953431767048,1,144.4807449265911,381.03373626105537,1.4142058978211995,0.21333333333333335,0.04342004945757644,1.0557180140911498e-05,1.3625964335738495e-05,1156.052723834,693631.6343004,logs/reacher_cdc_adaptive_k_noise\run_adaptive_rho_K050_rho0.3_noise0.005_Kmin50_Kmax200_Kstep1_gmin1e-06_seed004.npz
adaptive_rho,0,50,0.6,0.005,600,200.0,0.0,1.7154105014817085e-07,2005515.7368646853,2.750634548462839,0.022855334685668475,0.005407622665513614,20049999.817099836,1.6933084489407673e-05,0.0016666666666666668,0.02874898584356296,0.04308963228656223,0.18933254054304896,0.013115620812346832,1,145.63372750453817,388.0156478113289,1.4142154715326716,0.20666666666666667,0.044531740496828294,1.1081917517691158e-05,1.4165024672645172e-05,1172.5885021644838,703553.1012986903,logs/reacher_cdc_adaptive_k_noise\run_adaptive_rho_K050_rho0.6_noise0.005_Kmin50_Kmax200_Kstep1_gmin1e-06_seed000.npz
adaptive_rho,1,50,0.6,0.005,600,200.0,0.0,2.630857068115694e-07,1872276.7695535708,2.766794203478736,0.01986865043349839,0.0054656198937212755,20056837.344250064,4.436864634576839e-05,0.0033333333333333335,0.03033659418245136,0.04683157266199207,0.1845795350613701,0.011703731907144264,1,142.6089008633465,373.03170113358516,1.4142429223265662,0.19833333333333333,0.04834351362664048,1.218435997524564e-05,1.5463007408437475e-05,1183.815353999089,710289.2123994534,logs/reacher_cdc_adaptive_k_noise\run_adaptive_rho_K050_rho0.6_noise0.005_Kmin50_Kmax200_Kstep1_gmin1e-06_seed001.npz
adaptive_rho,2,50,0.6,0.005,600,200.0,0.0,1.5848014219331683e-07,2157155.3935354035,2.7942987485759554,0.021717187410667027,0.005656187634724581,20055492.439028732,3.456692186331996e-05,0.0033333333333333335,0.031897940445605406,0.06574769285082671,0.1965072841060796,0.015454990013925305,1,147.77441991460992,376.1507117979835,1.4142244673192055,0.225,0.050214692535680394,1.2021737252088752e-05,1.5533577912843504e-05,1175.9565028334812,705573.9017000888,logs/reacher_cdc_adaptive_k_noise\run_adaptive_rho_K050_rho0.6_noise0.005_Kmin50_Kmax200_Kstep1_gmin1e-06_seed002.npz
adaptive_rho,3,50,0.6,0.005,600,200.0,0.0,1.653171878925852e-07,2138545.9836178757,2.8083999844424308,0.02233626562066227,0.005385705720066905,20056015.41119314,8.217355824764826e-05,0.005,0.029058534952874294,0.04586030687897453,0.2006017689611975,0.019689428603140782,1,155.90595053829898,405.24068305616254,1.4142312677146294,0.245,0.046246195998308245,9.828685261825613e-06,1.263043055307364e-05,1184.788421334427,710873.0528006563,logs/reacher_cdc_adaptive_k_noise\run_adaptive_rho_K050_rho0.6_noise0.005_Kmin50_Kmax200_Kstep1_gmin1e-06_seed003.npz
adaptive_rho,4,50,0.6,0.005,600,200.0,0.0,1.5843955182861077e-07,2107288.5032608574,2.7582182005386593,0.025968731511883898,0.005557347325672947,20051115.498055443,4.958786810418939e-05,0.0016666666666666668,0.028531762697447997,0.04496208718601292,0.18075376050906805,0.01111281856783153,1,140.786995246655,365.97908648825455,1.4142058603168148,0.18666666666666668,0.045283701598100246,1.0620915080244447e-05,1.380014952124658e-05,1180.3161514997676,708189.6908998606,logs/reacher_cdc_adaptive_k_noise\run_adaptive_rho_K050_rho0.6_noise0.005_Kmin50_Kmax200_Kstep1_gmin1e-06_seed004.npz
adaptive_rho,0,50,0.9,0.005,600,200.0,0.0,1.7154105014817085e-07,2046629.4540760033,2.76517817896416,0.022855334685668475,0.005489047185324964,20049999.817099836,1.6933084489407673e-05,0.0016666666666666668,0.028873704764079088,0.04308963228656223,0.18933254054304896,0.008907094411964767,1,147.2573929038115,395.76996449072556,1.4142154715326716,0.21666666666666667,0.04512214382492084,1.1286077311708988e-05,1.4325349703997894e-05,1184.0567280012572,710434.0368007543,logs/reacher_cdc_adaptive_k_noise\run_adaptive_rho_K050_rho0.9_noise0.005_Kmin50_Kmax200_Kstep1_gmin1e-06_seed000.npz
adaptive_rho,1,50,0.9,0.005,600,200.0,0.0,2.630857068115694e-07,1903057.8018022152,2.659965669271491,0.02324636213053933,0.005701074888324443,20056837.344250064,3.3699545780696215e-05,0.0033333333333333335,0.028527652916849378,0.04661502849835904,0.1845795350613701,0.008121077234702309,1,146.9551735686904,399.2356553964545,1.4142221329979927,0.2,0.042162143205510365,1.0693278567732232e-05,1.369697532865257e-05,1158.9482523333088,695368.9513999852,logs/reacher_cdc_adaptive_k_noise\run_adaptive_rho_K050_rho0.9_noise0.005_Kmin50_Kmax200_Kstep1_gmin1e-06_seed001.npz
adaptive_rho,2,50,0.9,0.005,600,200.0,0.0,1.5848014219331683e-07,1968073.2907391603,2.734211095549702,0.0225220891633618,0.005247336516114806,20055492.439028732,2.2228378004310624e-05,0.0,0.03304789718973292,0.06574769285082671,0.1965072841060796,0.027370292104933573,1,146.07613459647257,376.6765892525601,1.4142202894501055,0.22666666666666666,0.051041533542975706,1.3242866849040556e-05,1.691811650167201e-05,1096.387446501758,657832.4679010548,logs/reacher_cdc_adaptive_k_noise\run_adaptive_rho_K050_rho0.9_noise0.005_Kmin50_Kmax200_Kstep1_gmin1e-06_seed002.npz
adaptive_rho,3,50,0.9,0.005,600,200.0,0.0,1.653171878925852e-07,2069861.8248601996,2.7521738859244254,0.025064520356694896,0.005236171753354632,20056015.41119314,8.217355824764826e-05,0.005,0.029231018331383855,0.04586030687897453,0.2006017689611975,0.013219440320406253,1,149.63495853467234,391.15395214623163,1.4142059850432278,0.21,0.04507557474171829,9.855265390168534e-06,1.2640848844221087e-05,1127.6672735007985,676600.364100479,logs/reacher_cdc_adaptive_k_noise\run_adaptive_rho_K050_rho0.9_noise0.005_Kmin50_Kmax200_Kstep1_gmin1e-06_seed003.npz
adaptive_rho,4,50,0.9,0.005,600,200.0,0.0,1.5843955182861077e-07,1992091.121367865,2.6973763252346417,0.026397641306949018,0.00529397856175385,20053647.66839826,1.9643668493259173e-05,0.0016666666666666668,0.031138613085900248,0.04496208718601292,0.18075376050906805,0.000971595246974403,0,134.65280630967789,352.85065487369513,1.414215733304349,0.19333333333333333,0.04769135804847986,1.3634109199234257e-05,1.7257120042843115e-05,1104.9726684989098,662983.6010993458,logs/reacher_cdc_adaptive_k_noise\run_adaptive_rho_K050_rho0.9_noise0.005_Kmin50_Kmax200_Kstep1_gmin1e-06_seed004.npz
adaptive_rho,0,50,1.0,0.005,600,200.0,0.0,1.7154105014817085e-07,2007913.2511198374,2.7519467339571984,0.019326862510276127,0.00535549786686451,20049999.817099836,7.317583867134036e-05,0.0,0.029479608140653483,0.04308963228656223,0.18933254054304896,0.014793853907763345,0,140.06061739212183,360.1119431336667,1.4142614285397186,0.205,0.045808838268229256,1.1662551025333976e-05,1.4565569925478346e-05,1125.4760281659157,675285.6168995495,logs/reacher_cdc_adaptive_k_noise\run_adaptive_rho_K050_rho1_noise0.005_Kmin50_Kmax200_Kstep1_gmin1e-06_seed000.npz
adaptive_rho,1,50,1.0,0.005,600,200.0,0.0,2.630857068115694e-07,1904721.34999966,2.721927725367899,0.02019461529533966,0.005635679617818883,20056837.344250064,3.169249458237853e-05,0.0033333333333333335,0.028966184208450922,0.04683157266199207,0.1845795350613701,0.0006599345552882509,1,146.3434792265283,389.45452100328197,1.4142145776548034,0.21333333333333335,0.04440525560509629,1.0912598119311097e-05,1.3832711156760939e-05,1117.8875758334955,670732.5455000973,logs/reacher_cdc_adaptive_k_noise\run_adaptive_rho_K050_rho1_noise0.005_Kmin50_Kmax200_Kstep1_gmin1e-06_seed001.npz
adaptive_rho,2,50,1.0,0.005,600,200.0,0.0,1.5848014219331683e-07,2110334.1519831084,2.7955265058928602,0.021717187410667027,0.005600752507578515,20055492.439028732,3.32315469021114e-05,0.0016666666666666668,0.033174869539416986,0.06574769285082671,0.1965072841060796,0.031710309885411826,1,147.7019969270649,380.503670299332,1.4142171696766321,0.21666666666666667,0.05257202145530735,1.3261748717979053e-05,1.702329469030738e-05,1107.8642905011657,664718.5743006994,logs/reacher_cdc_adaptive_k_noise\run_adaptive_rho_K050_rho1_noise0.005_Kmin50_Kmax200_Kstep1_gmin1e-06_seed002.npz
adaptive_rho,3,50,1.0,0.005,600,200.0,0.0,1.653171878925852e-07,2065052.0943885716,2.7874990072055086,0.02274081438375028,0.005310473856378786,20056015.41119314,2.8339045239020674e-05,0.0016666666666666668,0.030172464876506187,0.04586030687897453,0.2006017689611975,0.0037490389234903954,1,148.67047656396053,390.368258206385,1.4142633643761982,0.21333333333333335,0.0478314678956279,1.1198570875674254e-05,1.4158750740411629e-05,1126.252939166443,675751.7634998658,logs/reacher_cdc_adaptive_k_noise\run_adaptive_rho_K050_rho1_noise0.005_Kmin50_Kmax200_Kstep1_gmin1e-06_seed003.npz
adaptive_rho,4,50,1.0,0.005,600,200.0,0.0,1.5843955182861077e-07,2098470.2229174464,2.7711286888748896,0.026260784064653372,0.0056784549341192085,20051119.05743431,2.185208206890347e-05,0.0,0.029401324745196956,0.04676271220392797,0.18075376050906805,0.014291732482907766,0,143.38904251526915,374.1265396113556,1.4142239314515157,0.20833333333333334,0.046642223709889935,1.1724469541086852e-05,1.4827104827085101e-05,1112.5763323348172,667545.7994008902,logs/reacher_cdc_adaptive_k_noise\run_adaptive_rho_K050_rho1_noise0.005_Kmin50_Kmax200_Kstep1_gmin1e-06_seed004.npz
adaptive_rho,0,50,1.5,0.005,600,200.0,0.0,1.7154105014817085e-07,1990273.76960398,2.726277411923452,0.019326862510276127,0.005242254473712034,20049999.817099836,7.317583867134036e-05,0.0,0.02941109061659844,0.04308963228656223,0.18933254054304896,0.010972922714444252,1,141.8587271571079,371.20653733031895,1.4142614285397186,0.20333333333333334,0.04528022120277837,1.1476490148403888e-05,1.4356302240226334e-05,1141.2999198320904,684779.9518992542,logs/reacher_cdc_adaptive_k_noise\run_adaptive_rho_K050_rho1.5_noise0.005_Kmin50_Kmax200_Kstep1_gmin1e-06_seed000.npz
adaptive_rho,1,50,1.5,0.005,600,200.0,0.0,2.630857068115694e-07,1899138.5154206543,2.7109169623647826,0.023601125638353766,0.005612488132728695,20056837.344250064,1.4895637509822466e-05,0.005,0.030419068995403288,0.04683157266199207,0.1845795350613701,0.009817107636436393,1,137.35635866476906,348.51901206739126,1.3930009698480619,0.205,0.04763302566017176,1.2285032242337408e-05,1.5612108947206663e-05,1114.4704396669597,668682.2638001759,logs/reacher_cdc_adaptive_k_noise\run_adaptive_rho_K050_rho1.5_noise0.005_Kmin50_Kmax200_Kstep1_gmin1e-06_seed001.npz
adaptive_rho,2,50,1.5,0.005,600,200.0,0.0,1.5848014219331683e-07,2110334.1519831084,2.7955265058928602,0.021717187410667027,0.005600752507578515,20055492.439028732,3.32315469021114e-05,0.0016666666666666668,0.033174869539416986,0.06574769285082671,0.1965072841060796,0.031710309885411826,1,147.7019969270649,380.503670299332,1.4142171696766321,0.21666666666666667,0.05257202145530735,1.3261748717979053e-05,1.702329469030738e-05,1108.4683210001094,665080.9926000657,logs/reacher_cdc_adaptive_k_noise\run_adaptive_rho_K050_rho1.5_noise0.005_Kmin50_Kmax200_Kstep1_gmin1e-06_seed002.npz
adaptive_rho,3,50,1.5,0.005,600,200.0,0.0,1.653171878925852e-07,1971950.2120615928,2.776106826132181,0.022409017420920517,0.004943930065299356,20056015.41119314,5.591736452193087e-05,0.006666666666666667,0.03098354715233198,0.04586030687897453,0.2006017689611975,0.026429426716041704,1,145.39972344449473,387.40595712988727,1.4142161010857852,0.20666666666666667,0.04950194017103816,1.1701656534038644e-05,1.4826186494540875e-05,1109.4483833340928,665669.0300004557,logs/reacher_cdc_adaptive_k_noise\run_adaptive_rho_K050_rho1.5_noise0.005_Kmin50_Kmax200_Kstep1_gmin1e-06_seed003.npz
adaptive_rho,4,50,1.5,0.005,600,200.0,0.0,1.5843955182861077e-07,2206737.7770785056,2.7210773496716136,0.025772299972674034,0.005835445833076227,20056427.59942046,3.424627400206928e-05,0.0016666666666666668,0.028808149696034808,0.04496208718601292,0.18075376050906805,0.010866832252619672,0,137.87920726498947,356.3691890790253,1.414224386138194,0.17666666666666667,0.04435688329510712,1.1213783557394977e-05,1.4575561855444494e-05,1140.8643090012872,684518.5854007723,logs/reacher_cdc_adaptive_k_noise\run_adaptive_rho_K050_rho1.5_noise0.005_Kmin50_Kmax200_Kstep1_gmin1e-06_seed004.npz
adaptive_rho,0,50,0.3,0.01,600,200.0,0.0,1.7275664706479705e-07,1926207.295297873,3.2945011174110315,0.05160293338379469,0.011710369182983217,20086485.594754595,6.240869055105762e-05,0.0033333333333333335,0.034459944726968485,0.05377672527840072,0.18933254054304896,0.009547137114759189,1,182.10664387427215,480.5911348340019,1.414389316765103,0.33,0.06645063778762372,1.5405316150141865e-05,1.9714633608107134e-05,1134.0094593321555,680405.6755992933,logs/reacher_cdc_adaptive_k_noise\run_adaptive_rho_K050_rho0.3_noise0.01_Kmin50_Kmax200_Kstep1_gmin1e-06_seed000.npz
adaptive_rho,1,50,0.3,0.01,600,200.0,0.0,2.95905400935906e-07,1742699.196675412,3.1446653617052918,0.07929975297294228,0.011682801337156741,20077716.17946493,0.00046694562238429153,0.0033333333333333335,0.034489310307172755,0.04899433805663066,0.1845795350613701,0.01506994640194369,0,178.23908798498596,470.48840052097796,1.4143813914843877,0.295,0.062314658674254064,1.5651702557831586e-05,2.0136704253993062e-05,1128.464849665567,677078.9097993402,logs/reacher_cdc_adaptive_k_noise\run_adaptive_rho_K050_rho0.3_noise0.01_Kmin50_Kmax200_Kstep1_gmin1e-06_seed001.npz
adaptive_rho,2,50,0.3,0.01,600,200.0,0.0,1.565652589329336e-07,1981276.7994840392,3.2429928708968556,0.04909196379467487,0.01205037836977338,20097777.17747242,3.523501177827263e-05,0.0,0.034315159201779744,0.05476951563914954,0.1965072841060796,0.0021510384652094774,0,183.95397314682867,474.2077529191649,1.414227352232032,0.335,0.06349814079779072,1.4985767681267821e-05,1.8925253758018243e-05,1147.857155999615,688714.293599769,logs/reacher_cdc_adaptive_k_noise\run_adaptive_rho_K050_rho0.3_noise0.01_Kmin50_Kmax200_Kstep1_gmin1e-06_seed002.npz
adaptive_rho,3,50,0.3,0.01,600,200.0,0.0,1.6433583696624459e-07,2114507.152978588,3.2259430198356913,0.05097685472026818,0.012521447089038374,20100082.497559544,0.00015568837974372658,0.0033333333333333335,0.039391330381618156,0.09593209433512401,0.2005980452050341,0.027063783228692045,0,183.58755777988438,487.1885436061098,1.4142696143615228,0.33166666666666667,0.07338165442204493,1.7252256567985634e-05,2.2090219329544784e-05,1151.865000333831,691119.0002002986,logs/reacher_cdc_adaptive_k_noise\run_adaptive_rho_K050_rho0.3_noise0.01_Kmin50_Kmax200_Kstep1_gmin1e-06_seed003.npz
adaptive_rho,4,50,0.3,0.01,600,200.0,0.0,1.9444101663195415e-07,2036713.5324046533,3.252323343354857,0.044893704574913665,0.012455057890105693,20073692.791409697,4.202032588077416e-05,0.0,0.031652745392037364,0.051907433557415894,0.18075376050906805,0.04216429453620656,0,185.81744525364553,485.6640581872265,1.4142564593757325,0.31166666666666665,0.060005455617257134,1.3954546922453814e-05,1.7885505115802096e-05,1159.8074979992816,695884.498799569,logs/reacher_cdc_adaptive_k_noise\run_adaptive_rho_K050_rho0.3_noise0.01_Kmin50_Kmax200_Kstep1_gmin1e-06_seed004.npz
adaptive_rho,0,50,0.6,0.01,600,200.0,0.0,1.7275664706479705e-07,1914590.9387251635,3.2812399840172293,0.051612440888491165,0.011661067997572609,20093094.697047975,3.86349865257973e-05,0.0033333333333333335,0.03205331490586817,0.05446416778774325,0.18933254054304896,0.028073232424542058,1,187.28335413724895,489.87353599240157,1.414389316765103,0.3566666666666667,0.06100928178747321,1.315584340578358e-05,1.6831781908237436e-05,1143.544486501487,686126.6919008922,logs/reacher_cdc_adaptive_k_noise\run_adaptive_rho_K050_rho0.6_noise0.01_Kmin50_Kmax200_Kstep1_gmin1e-06_seed000.npz
adaptive_rho,1,50,0.6,0.01,600,200.0,0.0,2.95905400935906e-07,1830479.9103695066,3.205754351410886,0.04411355679270551,0.011870371506016204,20088727.23564081,8.274947981839829e-05,0.0033333333333333335,0.033248768960429595,0.054829135953228685,0.1845795350613701,0.016269721497233634,0,175.05472584129313,464.5893622675493,1.4142510581353371,0.33666666666666667,0.06315394590103864,1.4334361334747957e-05,1.8214540661649198e-05,1152.6035171658925,691562.1102995356,logs/reacher_cdc_adaptive_k_noise\run_adaptive_rho_K050_rho0.6_noise0.01_Kmin50_Kmax200_Kstep1_gmin1e-06_seed001.npz
adaptive_rho,2,50,0.6,0.01,600,200.0,0.0,1.565652589329336e-07,1995673.3452105252,3.231550352747159,0.04515214405921478,0.011772401936695187,20084392.383182175,0.00010743152676321288,0.0,0.03330513199484735,0.05858800256475574,0.1965072841060796,0.056623773861885704,1,175.7498411884066,455.68166679982755,1.4142251567274144,0.33,0.06192188703183665,1.401300180810239e-05,1.814370292328523e-05,1139.0649873338407,683438.9924003044,logs/reacher_cdc_adaptive_k_noise\run_adaptive_rho_K050_rho0.6_noise0.01_Kmin50_Kmax200_Kstep1_gmin1e-06_seed002.npz
adaptive_rho,3,50,0.6,0.01,600,200.0,0.0,1.6433583696624459e-07,1875790.3751789797,3.3196299855992515,0.044191215102314385,0.011747569017684424,20107237.545578703,5.6606853214335e-05,0.0033333333333333335,0.04202530373295459,0.09593209433512401,0.2005980452050341,0.03584156454068279,0,181.33549817685866,466.6589638547857,1.4142696143615228,0.325,0.08131567628038407,1.9832908139776025e-05,2.5223017858732805e-05,1109.6709216666447,665802.5529999868,logs/reacher_cdc_adaptive_k_noise\run_adaptive_rho_K050_rho0.6_noise0.01_Kmin50_Kmax200_Kstep1_gmin1e-06_seed003.npz
adaptive_rho,4,50,0.6,0.01,600,200.0,0.0,1.9444101663195415e-07,1930403.4607411386,3.281038683581564,0.049222492051125055,0.01202188183059176,20073900.00839901,3.394206091922605e-05,0.0016666666666666668,0.03130446178275391,0.04723342226936153,0.18075376050906805,0.023593720086267696,0,190.01673234766866,489.8239142680331,1.41423403124929,0.335,0.059980028860990305,1.3987523587205737e-05,1.811924457206341e-05,1145.936428666658,687561.8571999948,logs/reacher_cdc_adaptive_k_noise\run_adaptive_rho_K050_rho0.6_noise0.01_Kmin50_Kmax200_Kstep1_gmin1e-06_seed004.npz
adaptive_rho,0,50,0.9,0.01,600,200.0,0.0,1.7275664706479705e-07,1838911.48273429,3.319131625766764,0.051612440888491165,0.011666987758786853,20092147.779276434,8.121494422167607e-05,0.0,0.03462909021585424,0.05536467847222495,0.18933254054304896,0.011674643661031686,1,186.3620640765253,479.4374248227785,1.414389316765103,0.3383333333333333,0.06573668597662964,1.5389802645845585e-05,1.960236374086084e-05,1125.553814166924,675332.2885001544,logs/reacher_cdc_adaptive_k_noise\run_adaptive_rho_K050_rho0.9_noise0.01_Kmin50_Kmax200_Kstep1_gmin1e-06_seed000.npz
adaptive_rho,1,50,0.9,0.01,600,200.0,0.0,2.95905400935906e-07,1574704.6032211217,3.1049656057128043,0.04411355679270551,0.011199418374338169,20077716.17946493,2.9222365166824685e-05,0.0016666666666666668,0.04056779942100796,0.06636736276408345,0.1845795350613701,0.018922828672598355,0,178.0895126453322,476.12400350440225,1.4142412878414545,0.32666666666666666,0.0722445728641007,2.0462365487207693e-05,2.6385687196820392e-05,1116.064498166864,669638.6989001185,logs/reacher_cdc_adaptive_k_noise\run_adaptive_rho_K050_rho0.9_noise0.01_Kmin50_Kmax200_Kstep1_gmin1e-06_seed001.npz
adaptive_rho,2,50,0.9,0.01,600,200.0,0.0,1.565652589329336e-07,2091919.6823999996,3.2358171949505405,0.04788734053249334,0.012585571129135583,20065738.34031591,0.000269039882429306,0.0033333333333333335,0.03234765259916327,0.05028307525709368,0.1965072841060796,0.00114619936874434,0,182.9471287932212,463.40136716129666,1.4142251567274144,0.3283333333333333,0.060161801839164364,1.384485752465569e-05,1.7886887721724327e-05,1141.352789667532,684811.6738005192,logs/reacher_cdc_adaptive_k_noise\run_adaptive_rho_K050_rho0.9_noise0.01_Kmin50_Kmax200_Kstep1_gmin1e-06_seed002.npz
adaptive_rho,3,50,0.9,0.01,600,200.0,0.0,1.6433583696624459e-07,2114507.152978588,3.2259430198356913,0.05097685472026818,0.012521447089038374,20100082.497559544,0.00015568837974372658,0.0033333333333333335,0.039391330381618156,0.09593209433512401,0.2005980452050341,0.027063783228692045,0,183.58755777988438,487.1885436061098,1.4142696143615228,0.33166666666666667,0.07338165442204493,1.7252256567985634e-05,2.2090219329544784e-05,1153.306697998584,691984.0187991504,logs/reacher_cdc_adaptive_k_noise\run_adaptive_rho_K050_rho0.9_noise0.01_Kmin50_Kmax200_Kstep1_gmin1e-06_seed003.npz
adaptive_rho,4,50,0.9,0.01,600,200.0,0.0,1.9444101663195415e-07,2077882.1241949685,3.193318373004187,0.048870721439233766,0.012263272281078135,20078462.469434917,0.00022029360308008399,0.0033333333333333335,0.030800478827652404,0.04435555768347555,0.18075376050906805,0.03522138213039268,1,181.0307345727217,462.272054509,1.4143412974069296,0.335,0.056422857799519964,1.3352920425333114e-05,1.6942993331718483e-05,1184.5738130005582,710744.2878003349,logs/reacher_cdc_adaptive_k_noise\run_adaptive_rho_K050_rho0.9_noise0.01_Kmin50_Kmax200_Kstep1_gmin1e-06_seed004.npz
adaptive_rho,0,50,1.0,0.01,600,200.0,0.0,1.7275664706479705e-07,1931856.9365303183,3.3092797088779182,0.05160293338379469,0.01150581721625056,20079140.079373203,6.240869055105762e-05,0.0033333333333333335,0.033556272132183484,0.05370025980634698,0.18933254054304896,0.01702773852599111,1,183.09264534298094,482.5693887590031,1.414389316765103,0.3383333333333333,0.06517043780563955,1.4753659323101655e-05,1.878863670371046e-05,1113.135207000887,667881.1242005322,logs/reacher_cdc_adaptive_k_noise\run_adaptive_rho_K050_rho1_noise0.01_Kmin50_Kmax200_Kstep1_gmin1e-06_seed000.npz
adaptive_rho,1,50,1.0,0.01,600,200.0,0.0,2.95905400935906e-07,1552346.6703464922,3.115668342871109,0.04411355679270551,0.011128793552698708,20077716.17946493,2.9222365166824685e-05,0.0016666666666666668,0.04038058320403064,0.06636736276408345,0.1845795350613701,0.0253425416156589,0,179.922595166232,483.8713247372771,1.4142412878414545,0.34,0.07206258517707606,2.0342795042092212e-05,2.6305318327068216e-05,1081.6186363320837,648971.1817992502,logs/reacher_cdc_adaptive_k_noise\run_adaptive_rho_K050_rho1_noise0.01_Kmin50_Kmax200_Kstep1_gmin1e-06_seed001.npz
adaptive_rho,2,50,1.0,0.01,600,200.0,0.0,1.565652589329336e-07,1936832.5491276716,3.2393293867507857,0.05001065200952916,0.012009428581395684,20077169.190212537,4.317626664944308e-05,0.0033333333333333335,0.033152947582364,0.05238696448027362,0.1965072841060796,0.01216685989221466,0,176.3799590718733,433.67190545316447,1.4142515785913308,0.31833333333333336,0.06151945752835828,1.4685541201485034e-05,1.9103707704098984e-05,1104.9309768339542,662958.5861003725,logs/reacher_cdc_adaptive_k_noise\run_adaptive_rho_K050_rho1_noise0.01_Kmin50_Kmax200_Kstep1_gmin1e-06_seed002.npz
adaptive_rho,3,50,1.0,0.01,600,200.0,0.0,1.6433583696624459e-07,2085166.240794789,3.242078068583541,0.05097685472026818,0.012373296872900954,20100082.497559544,0.00015568837974372658,0.0033333333333333335,0.0398143550680216,0.09593209433512401,0.2005980452050341,0.0063151393386501045,0,184.39017821473237,486.27113164601315,1.4142696143615228,0.3283333333333333,0.07483834905085744,1.7507070924350963e-05,2.2184357586643235e-05,1128.48855466708,677093.132800248,logs/reacher_cdc_adaptive_k_noise\run_adaptive_rho_K050_rho1_noise0.01_Kmin50_Kmax200_Kstep1_gmin1e-06_seed003.npz
adaptive_rho,4,50,1.0,0.01,600,200.0,0.0,1.9444101663195415e-07,1893536.1429332455,3.2439224388365475,0.044893704574913665,0.011884225395631413,20073692.791409697,3.3314040263601684e-05,0.0016666666666666668,0.0315022832106811,0.04649151453630127,0.18075376050906805,0.0070125965570543985,0,179.89590992652927,466.0419731990626,1.41423403124929,0.325,0.05949744569467118,1.4120003309685835e-05,1.842856442598426e-05,1115.9568521670492,669574.1113002296,logs/reacher_cdc_adaptive_k_noise\run_adaptive_rho_K050_rho1_noise0.01_Kmin50_Kmax200_Kstep1_gmin1e-06_seed004.npz
adaptive_rho,0,50,1.5,0.01,600,200.0,0.0,1.7275664706479705e-07,1866737.3655499513,3.3237249888036087,0.051612440888491165,0.011591097773618225,20092147.779276434,2.7765470619274832e-05,0.0,0.03364639732670802,0.05536467847222495,0.18933254054304896,0.006166669302746075,1,187.31521400211497,488.91562991372064,1.414389316765103,0.3416666666666667,0.06401406358239384,1.4692493639385256e-05,1.8885039650226776e-05,1102.7573096661945,661654.3857997167,logs/reacher_cdc_adaptive_k_noise\run_adaptive_rho_K050_rho1.5_noise0.01_Kmin50_Kmax200_Kstep1_gmin1e-06_seed000.npz
adaptive_rho,1,50,1.5,0.01,600,200.0,0.0,2.95905400935906e-07,1829863.2504849958,3.219879022848225,0.04411355679270551,0.011784727920759741,20077716.17946493,9.29034228965687e-05,0.0,0.033616916946274805,0.04899433805663066,0.1845795350613701,0.01278068270738639,0,182.50966747502667,476.4636537378525,1.4143813914843877,0.34,0.06278227262946341,1.503532704068796e-05,1.9411543134675372e-05,1103.6448313351138,662186.8988010683,logs/reacher_cdc_adaptive_k_noise\run_adaptive_rho_K050_rho1.5_noise0.01_Kmin50_Kmax200_Kstep1_gmin1e-06_seed001.npz
adaptive_rho,2,50,1.5,0.01,600,200.0,0.0,1.565652589329336e-07,2031437.4836450513,3.3703432819946064,0.04916925981639786,0.012135722726919356,20065036.36330648,5.801409254169446e-05,0.0016666666666666668,0.03513900482097743,0.055264904717444684,0.1965072841060796,0.025906837402434872,0,185.6646906184528,463.5913326392987,1.4142251567274144,0.335,0.06981051317026843,1.5583471819856988e-05,2.0319894638366166e-05,1105.275255832433,663165.1534994598,logs/reacher_cdc_adaptive_k_noise\run_adaptive_rho_K050_rho1.5_noise0.01_Kmin50_Kmax200_Kstep1_gmin1e-06_seed002.npz
adaptive_rho,3,50,1.5,0.01,600,200.0,0.0,1.6433583696624459e-07,2126847.989171271,3.199533896364115,0.04403474189426357,0.01282527843057829,20086023.78758717,4.242390188229978e-05,0.0033333333333333335,0.041364270529951695,0.09593209433512401,0.2005980452050341,0.030341739238312515,0,180.26592683123164,462.6058115579325,1.4142295942640277,0.29333333333333333,0.07606264133315857,1.8884574548629624e-05,2.4019478773903124e-05,1105.8288515013799,663497.3109008279,logs/reacher_cdc_adaptive_k_noise\run_adaptive_rho_K050_rho1.5_noise0.01_Kmin50_Kmax200_Kstep1_gmin1e-06_seed003.npz
adaptive_rho,4,50,1.5,0.01,600,200.0,0.0,1.9444101663195415e-07,2009580.045207657,3.250690108278587,0.044893704574913665,0.012295082157051199,20073692.791409697,6.974148415138938e-05,0.0016666666666666668,0.03182731654937266,0.04722827672548935,0.18075376050906805,0.04100633110751132,1,184.4520228287644,475.6445848769617,1.414255791677776,0.3283333333333333,0.060126293178188794,1.3998440349958476e-05,1.8018101583405376e-05,1111.4756320013355,666885.3792008013,logs/reacher_cdc_adaptive_k_noise\run_adaptive_rho_K050_rho1.5_noise0.01_Kmin50_Kmax200_Kstep1_gmin1e-06_seed004.npz
