sigma_y,seed,method,success,success_reached,fall_down,time_to_upright,fail_step,avg_solve_time,mean_K_used,max_K_used,certificate_rate,mean_tau,mean_d90,mean_C_size,local_min_cands,local_max_cands,clamp_reason
0.02,0,fixedK40,0,1,1,56,186,0.09703967015481176,40.0,40.0,nan,nan,nan,nan,100,1000,
0.02,0,unified_a001,0,0,0,300,-1,0.0819705516933335,40.666666666666664,80.0,1.0,31.840174641844374,78.51588054481078,577.0,100,1000,none
0.02,1,fixedK40,0,1,1,64,80,0.09739548180000045,40.0,40.0,nan,nan,nan,nan,100,1000,
0.02,1,unified_a001,0,1,1,62,190,0.11180913237307626,48.53846153846154,85.0,1.0,21.8005271223025,67.36774636192081,577.0,100,1000,none
0.02,2,fixedK40,1,1,0,82,-1,0.10243014567666747,40.0,40.0,nan,nan,nan,nan,100,1000,
0.02,2,unified_a001,0,1,1,73,116,0.09933039180000018,44.28333333333333,75.0,1.0,29.569400887203706,75.42249922476738,577.0,100,1000,none
0.02,3,fixedK40,1,1,0,76,-1,0.10351742043666613,40.0,40.0,nan,nan,nan,nan,100,1000,
0.02,3,unified_a001,0,1,1,57,241,0.11294637859333288,48.38333333333333,80.0,1.0,15.082415135738605,66.48520523425024,577.0,100,1000,none
0.02,4,fixedK40,0,1,1,106,145,0.0883971540533318,40.0,40.0,nan,nan,nan,nan,100,1000,
0.02,4,unified_a001,0,1,1,174,264,0.105194461913336,47.8,90.0,1.0,25.378528524826553,72.02563521270709,577.0,100,1000,none
0.02,5,fixedK40,0,1,1,70,120,0.09381204097999747,40.0,40.0,nan,nan,nan,nan,100,1000,
0.02,5,unified_a001,1,1,0,85,-1,0.11978059681579292,53.32236842105263,80.0,1.0,23.924173354312558,69.82416136291455,577.0,100,1000,none
0.02,6,fixedK40,0,1,1,77,150,0.09764534940666901,40.0,40.0,nan,nan,nan,nan,100,1000,
0.02,6,unified_a001,1,1,0,66,-1,0.13597667815666872,59.483333333333334,80.0,1.0,14.701645127307597,61.337870990457866,577.0,100,1000,none
0.02,7,fixedK40,1,1,0,102,-1,0.09778052452666468,40.0,40.0,nan,nan,nan,nan,100,1000,
0.02,7,unified_a001,1,1,0,62,-1,0.12912727999333357,57.46666666666667,80.0,1.0,11.744982951808456,62.491429607753574,577.0,100,1000,none
0.02,8,fixedK40,1,1,0,221,-1,0.0875571047154817,40.0,40.0,nan,nan,nan,nan,100,1000,
0.02,8,unified_a001,1,1,0,88,-1,0.13269310682333582,57.266666666666666,85.0,1.0,15.60715365087709,61.52169524565586,577.0,100,1000,none
0.02,9,fixedK40,1,1,0,101,-1,0.10083450539333284,40.0,40.0,nan,nan,nan,nan,100,1000,
0.02,9,unified_a001,1,1,0,65,-1,0.1293489727500071,57.983333333333334,90.0,1.0,12.176800202174222,62.814417284748465,577.0,100,1000,none
0.02,10,fixedK40,0,0,0,300,-1,0.08466273400667206,40.0,40.0,nan,nan,nan,nan,100,1000,
0.02,10,unified_a001,1,1,0,56,-1,0.14101350633666546,61.016666666666666,85.0,1.0,11.693206657383143,60.419779597309194,577.0,100,1000,none
0.02,11,fixedK40,1,1,0,293,-1,0.08678035862666851,40.0,40.0,nan,nan,nan,nan,100,1000,
0.02,11,unified_a001,0,1,1,71,185,0.11816162488999946,49.3,95.0,1.0,16.035807236876924,65.63854609917401,577.0,100,1000,none
0.02,12,fixedK40,0,1,1,57,134,0.0998219945300006,40.0,40.0,nan,nan,nan,nan,100,1000,
0.02,12,unified_a001,1,1,0,51,-1,0.1419973813866659,59.016666666666666,80.0,1.0,14.045384294683632,60.302320422196885,577.0,100,1000,none
0.02,13,fixedK40,0,1,1,67,162,0.09063111459333338,40.0,40.0,nan,nan,nan,nan,100,1000,
0.02,13,unified_a001,1,1,0,216,-1,0.09714012560999966,44.11666666666667,80.0,1.0,23.52593661866978,71.54712395787897,577.0,100,1000,none
0.02,14,fixedK40,0,1,1,88,102,0.08981019700543043,40.0,40.0,nan,nan,nan,nan,100,1000,
0.02,14,unified_a001,1,1,0,68,-1,0.13678108513332782,59.016666666666666,80.0,1.0,15.1336213241054,60.95877680638934,577.0,100,1000,none
0.02,15,fixedK40,1,1,0,187,-1,0.09143484941333364,40.0,40.0,nan,nan,nan,nan,100,1000,
0.02,15,unified_a001,1,1,0,64,-1,0.12499933723333242,53.88333333333333,85.0,1.0,10.978927726496373,62.35233033019619,577.0,100,1000,none
0.02,16,fixedK40,0,1,1,71,173,0.0919132409700012,40.0,40.0,nan,nan,nan,nan,100,1000,
0.02,16,unified_a001,0,1,1,129,218,0.09874176194998881,44.8,85.0,1.0,24.965460927626122,72.55383480013332,577.0,100,1000,none
0.02,17,fixedK40,1,1,0,58,-1,0.10138008941666157,40.0,40.0,nan,nan,nan,nan,100,1000,
0.02,17,unified_a001,1,1,0,63,-1,0.12078514863000162,50.65,80.0,1.0,11.86470153893476,64.13181364832596,577.0,100,1000,none
0.02,18,fixedK40,1,1,0,78,-1,0.1003960422066613,40.0,40.0,nan,nan,nan,nan,100,1000,
0.02,18,unified_a001,1,1,0,64,-1,0.13832427680001122,62.18333333333333,80.0,1.0,11.709412485802758,60.61410512540423,577.0,100,1000,none
0.02,19,fixedK40,1,1,0,68,-1,0.09988168025667847,40.0,40.0,nan,nan,nan,nan,100,1000,
0.02,19,unified_a001,0,1,1,65,177,0.10965513330665923,46.5,75.0,1.0,19.325542173831025,67.92454466396394,577.0,100,1000,none
0.05,0,fixedK40,0,1,1,155,268,0.09368310556666226,40.0,40.0,nan,nan,nan,nan,100,1000,
0.05,0,unified_a001,0,1,1,60,81,0.11203086753535174,48.77104377104377,85.0,1.0,15.656633201128944,65.37081255482296,577.0,100,1000,none
0.05,1,fixedK40,0,1,1,68,85,0.0925573912466613,40.0,40.0,nan,nan,nan,nan,100,1000,
0.05,1,unified_a001,0,0,0,300,-1,0.07790031498667001,40.266666666666666,75.0,1.0,33.438085131928275,78.67990356817296,577.0,100,1000,none
0.05,2,fixedK40,0,0,0,300,-1,0.07922408661904719,40.0,40.0,nan,nan,nan,nan,100,1000,
0.05,2,unified_a001,1,1,0,76,-1,0.11139917719666982,50.78333333333333,80.0,1.0,12.866566548841483,61.65436561519314,577.0,100,1000,none
0.05,3,fixedK40,0,1,1,53,263,0.09577148311334288,40.0,40.0,nan,nan,nan,nan,100,1000,
0.05,3,unified_a001,1,1,0,53,-1,0.11929663181666607,52.61666666666667,90.0,1.0,10.858657578129662,62.46865474413755,577.0,100,1000,none
0.05,4,fixedK40,0,1,1,61,170,0.09069493609333829,40.0,40.0,nan,nan,nan,nan,100,1000,
0.05,4,unified_a001,1,1,0,100,-1,0.1021000813563776,44.52127659574468,75.0,1.0,25.000244659138506,70.02438550293903,577.0,100,1000,none
0.05,5,fixedK40,0,1,1,68,234,0.09427350210666646,40.0,40.0,nan,nan,nan,nan,100,1000,
0.05,5,unified_a001,0,1,1,60,171,0.10942642875000577,46.2,85.0,1.0,18.014690922205236,65.86354347448845,577.0,100,1000,none
0.05,6,fixedK40,0,1,1,59,137,0.09942594525999462,40.0,40.0,nan,nan,nan,nan,100,1000,
0.05,6,unified_a001,0,1,1,66,204,0.10586572655333763,46.166666666666664,80.0,1.0,21.053336037399234,67.2578165794885,577.0,100,1000,none
0.05,7,fixedK40,0,1,1,167,250,0.08692924509999936,40.0,40.0,nan,nan,nan,nan,100,1000,
0.05,7,unified_a001,1,1,0,57,-1,0.12707005999332902,53.13333333333333,80.0,1.0,13.675999077329799,61.12319846011858,577.0,100,1000,none
0.05,8,fixedK40,0,1,1,72,196,0.09250798510000702,40.0,40.0,nan,nan,nan,nan,100,1000,
0.05,8,unified_a001,0,1,1,86,201,0.10173972778333489,46.06666666666667,75.0,1.0,21.787786246510187,68.12348116201152,577.0,100,1000,none
0.05,9,fixedK40,1,1,0,52,-1,0.09743367844999663,40.0,40.0,nan,nan,nan,nan,100,1000,
0.05,9,unified_a001,0,1,1,65,172,0.10832334127332084,46.8,80.0,1.0,20.30499821430754,67.06619569439819,577.0,100,1000,none
0.05,10,fixedK40,1,1,0,220,-1,0.08606380168000062,40.0,40.0,nan,nan,nan,nan,100,1000,
0.05,10,unified_a001,0,1,1,53,172,0.09941898943999149,45.0,85.0,1.0,18.931288454152412,68.94697040639764,577.0,100,1000,none
0.05,11,fixedK40,0,1,1,51,117,0.08296247707666528,40.0,40.0,nan,nan,nan,nan,100,1000,
0.05,11,unified_a001,1,1,0,77,-1,0.12336710310333729,52.0,80.0,1.0,14.553008821141624,61.096850217916426,577.0,100,1000,none
0.05,12,fixedK40,1,1,0,67,-1,0.10053083677667474,40.0,40.0,nan,nan,nan,nan,100,1000,
0.05,12,unified_a001,1,1,0,71,-1,0.11551228126332944,49.25,80.0,1.0,16.590876150046473,63.58305933561318,577.0,100,1000,none
0.05,13,fixedK40,0,1,1,68,248,0.09397362889666662,40.0,40.0,nan,nan,nan,nan,100,1000,
0.05,13,unified_a001,0,1,1,71,186,0.11305408058333873,49.3,80.0,1.0,20.996663744487545,67.4763241710281,577.0,100,1000,none
0.05,14,fixedK40,1,1,0,57,-1,0.10050427121999594,40.0,40.0,nan,nan,nan,nan,100,1000,
0.05,14,unified_a001,1,1,0,70,-1,0.12313739417000003,53.95,85.0,1.0,14.044328026130287,62.539124016237935,577.0,100,1000,none
0.05,15,fixedK40,0,0,0,300,-1,0.0843719715066815,40.0,40.0,nan,nan,nan,nan,100,1000,
0.05,15,unified_a001,0,0,0,300,-1,0.09213410544332873,41.13333333333333,70.0,1.0,30.352634938345545,75.268110910942,577.0,100,1000,none
0.05,16,fixedK40,1,1,0,142,-1,0.09620202921000631,40.0,40.0,nan,nan,nan,nan,100,1000,
0.05,16,unified_a001,0,1,1,74,123,0.09890554423436033,44.140625,70.0,1.0,24.437075794103645,71.49818775846923,577.0,100,1000,none
0.05,17,fixedK40,1,1,0,59,-1,0.0969205383333186,40.0,40.0,nan,nan,nan,nan,100,1000,
0.05,17,unified_a001,0,0,0,300,-1,0.08005725665875688,40.79365079365079,70.0,1.0,32.64899739594066,79.9812590077964,577.0,100,1000,none
0.05,18,fixedK40,0,1,1,139,189,0.08941488898665284,40.0,40.0,nan,nan,nan,nan,100,1000,
0.05,18,unified_a001,1,1,0,138,-1,0.11280697415000608,49.53333333333333,85.0,1.0,19.550604532483646,66.48107614301598,577.0,100,1000,none
0.05,19,fixedK40,1,1,0,217,-1,0.09152969335000004,40.0,40.0,nan,nan,nan,nan,100,1000,
0.05,19,unified_a001,1,1,0,85,-1,0.11574543017000148,51.8,85.0,1.0,17.297699307229355,63.38641685903617,577.0,100,1000,none
0.08,0,fixedK40,0,1,1,92,158,0.08039631679333979,40.0,40.0,nan,nan,nan,nan,100,1000,
0.08,0,unified_a001,1,1,0,71,-1,0.104029078143332,47.9,85.0,1.0,12.522366832973866,64.07035106766362,577.0,100,1000,none
0.08,1,fixedK40,0,0,0,300,-1,0.08541829257457911,40.0,40.0,nan,nan,nan,nan,100,1000,
0.08,1,unified_a001,1,1,0,171,-1,0.0798237951581916,40.706214689265536,75.0,1.0,32.042630885568514,76.13968634351002,577.0,100,1000,none
0.08,2,fixedK40,0,1,1,230,253,0.08259744860332982,40.0,40.0,nan,nan,nan,nan,100,1000,
0.08,2,unified_a001,0,1,1,63,88,0.0804889991500022,40.96666666666667,75.0,1.0,28.05870422880255,75.42256627690217,577.0,100,1000,none
0.08,3,fixedK40,0,0,0,300,-1,0.07662651541336496,40.0,40.0,nan,nan,nan,nan,100,1000,
0.08,3,unified_a001,1,1,0,51,-1,0.1247566965399892,52.88333333333333,75.0,1.0,13.462057113659519,61.04916690622492,577.0,100,1000,none
0.08,4,fixedK40,1,1,0,99,-1,0.09740959057998831,40.0,40.0,nan,nan,nan,nan,100,1000,
0.08,4,unified_a001,0,1,1,66,124,0.09816351388999768,44.38333333333333,85.0,1.0,25.109521704343365,70.39996564025824,577.0,100,1000,none
0.08,5,fixedK40,0,0,0,300,-1,0.08049828581395263,40.0,40.0,nan,nan,nan,nan,100,1000,
0.08,5,unified_a001,1,1,0,212,-1,0.09536968086333976,45.28333333333333,80.0,1.0,25.374081066380334,72.94664636950962,577.0,100,1000,none
0.08,6,fixedK40,0,1,1,64,266,0.09430073779000092,40.0,40.0,nan,nan,nan,nan,100,1000,
0.08,6,unified_a001,0,1,1,59,280,0.10724305107333142,47.06666666666667,80.0,1.0,15.395535568648492,63.5109734837187,577.0,100,1000,none
0.08,7,fixedK40,1,1,0,72,-1,0.0965769732000111,40.0,40.0,nan,nan,nan,nan,100,1000,
0.08,7,unified_a001,0,1,1,113,127,0.09344291041997925,43.68333333333333,80.0,1.0,21.024330988462413,68.73192390997664,577.0,100,1000,none
0.08,8,fixedK40,1,1,0,133,-1,0.09120528982399265,40.0,40.0,nan,nan,nan,nan,100,1000,
0.08,8,unified_a001,0,1,1,64,206,0.10782940415901333,45.618374558303884,75.0,1.0,22.135393100569118,67.65602605052172,577.0,100,1000,none
0.08,9,fixedK40,1,1,0,53,-1,0.09847536887999316,40.0,40.0,nan,nan,nan,nan,100,1000,
0.08,9,unified_a001,0,1,1,206,221,0.08051106926332978,41.2,80.0,1.0,29.614921532403873,77.87246456711186,577.0,100,1000,none
0.08,10,fixedK40,1,1,0,243,-1,0.08204213736333865,40.0,40.0,nan,nan,nan,nan,100,1000,
0.08,10,unified_a001,1,1,0,284,-1,0.0849015604433195,42.13333333333333,85.0,1.0,29.14076693510659,74.14776283701099,577.0,100,1000,none
0.08,11,fixedK40,0,1,1,90,176,0.09102837614136818,40.0,40.0,nan,nan,nan,nan,100,1000,
0.08,11,unified_a001,0,0,0,300,-1,0.08032811280332984,40.71666666666667,70.0,1.0,30.776665767852744,76.278002000854,577.0,100,1000,none
0.08,12,fixedK40,1,1,0,51,-1,0.09732441815595773,40.0,40.0,nan,nan,nan,nan,100,1000,
0.08,12,unified_a001,0,1,1,84,138,0.10086668444664913,45.15,90.0,1.0,17.051903279128954,67.16529128557598,577.0,100,1000,none
0.08,13,fixedK40,0,1,1,128,174,0.08799634290333719,40.0,40.0,nan,nan,nan,nan,100,1000,
0.08,13,unified_a001,1,1,0,166,-1,0.09658914653000616,44.45,75.0,1.0,23.859555788529246,69.2049356754179,577.0,100,1000,none
0.08,14,fixedK40,0,1,1,246,274,0.08069034724669867,40.0,40.0,nan,nan,nan,nan,100,1000,
0.08,14,unified_a001,1,1,0,111,-1,0.09666852806000255,44.43333333333333,75.0,1.0,17.80579844560793,64.7124123744536,577.0,100,1000,none
0.08,15,fixedK40,0,1,1,168,232,0.08446097638334323,40.0,40.0,nan,nan,nan,nan,100,1000,
0.08,15,unified_a001,0,1,1,51,62,0.08692052275999837,41.583333333333336,75.0,1.0,29.48580909365046,74.57618107484903,577.0,100,1000,none
0.08,16,fixedK40,0,0,0,300,-1,0.07728269179333438,40.0,40.0,nan,nan,nan,nan,100,1000,
0.08,16,unified_a001,0,0,0,300,-1,0.07989177834333229,40.583333333333336,80.0,1.0,30.856986388117754,76.27799548205344,577.0,100,1000,none
0.08,17,fixedK40,0,1,1,55,77,0.0858584923666649,40.0,40.0,nan,nan,nan,nan,100,1000,
0.08,17,unified_a001,0,1,1,217,253,0.08346867792335767,41.3,80.0,1.0,28.725497562088684,75.95796765678274,577.0,100,1000,none
0.08,18,fixedK40,0,1,1,71,197,0.09281233334336017,40.0,40.0,nan,nan,nan,nan,100,1000,
0.08,18,unified_a001,1,1,0,72,-1,0.10083665663333856,46.36666666666667,75.0,1.0,17.82472306762767,64.41371264487506,577.0,100,1000,none
0.08,19,fixedK40,0,1,1,68,272,0.09286931666000177,40.0,40.0,nan,nan,nan,nan,100,1000,
0.08,19,unified_a001,0,0,0,300,-1,0.08476674319999802,41.2,75.0,1.0,31.259740560331167,76.14305578611032,577.0,100,1000,none
0.1,0,fixedK40,0,1,1,64,122,0.08998988642667125,40.0,40.0,nan,nan,nan,nan,100,1000,
0.1,0,unified_a001,0,1,1,112,164,0.08934090157466046,44.20814479638009,80.0,1.0,26.594879243556438,74.78347848166426,577.0,100,1000,none
0.1,1,fixedK40,0,1,1,69,76,0.08659491148665287,40.0,40.0,nan,nan,nan,nan,100,1000,
0.1,1,unified_a001,0,1,1,63,95,0.08435628344214714,41.02040816326531,75.0,1.0,30.2590858716541,76.32813554958163,577.0,100,1000,none
0.1,2,fixedK40,1,1,0,160,-1,0.08781865086334922,40.0,40.0,nan,nan,nan,nan,100,1000,
0.1,2,unified_a001,0,1,1,55,89,0.0886808131840553,44.23312883435583,85.0,1.0,21.782345169488522,69.91917072267876,577.0,100,1000,none
0.1,3,fixedK40,0,1,1,51,193,0.09191087178664778,40.0,40.0,nan,nan,nan,nan,100,1000,
0.1,3,unified_a001,0,1,1,53,280,0.10064091513999757,48.15,90.0,1.0,13.901695675052164,64.15287901630374,577.0,100,1000,none
0.1,4,fixedK40,0,1,1,62,76,0.08110529849666667,40.0,40.0,nan,nan,nan,nan,100,1000,
0.1,4,unified_a001,0,1,1,55,75,0.0862886609024383,42.41463414634146,90.0,1.0,25.357320207202314,73.23220107451198,577.0,100,1000,none
0.1,5,fixedK40,0,1,1,63,79,0.0902142934500004,40.0,40.0,nan,nan,nan,nan,100,1000,
0.1,5,unified_a001,0,0,0,300,-1,0.07260554489667054,40.166666666666664,70.0,1.0,32.82540924453834,79.68196589760306,577.0,100,1000,none
0.1,6,fixedK40,0,1,1,67,127,0.08231521306000862,40.0,40.0,nan,nan,nan,nan,100,1000,
0.1,6,unified_a001,0,1,1,62,144,0.08711126206333726,42.06666666666667,90.0,1.0,24.194798633449135,72.13992421665515,577.0,100,1000,none
0.1,7,fixedK40,0,1,1,182,198,0.0777537255466632,40.0,40.0,nan,nan,nan,nan,100,1000,
0.1,7,unified_a001,0,1,1,66,269,0.10414780262999859,45.65,80.0,1.0,20.117671478514264,64.87788152166992,577.0,100,1000,none
0.1,8,fixedK40,0,0,0,300,-1,0.06896295831880918,40.0,40.0,nan,nan,nan,nan,100,1000,
0.1,8,unified_a001,0,1,1,67,214,0.09678407432002284,44.53333333333333,80.0,1.0,21.33211776208992,67.01232860519728,577.0,100,1000,none
0.1,9,fixedK40,0,1,1,52,166,0.0928014778966705,40.0,40.0,nan,nan,nan,nan,100,1000,
0.1,9,unified_a001,1,1,0,120,-1,0.10507600374665041,46.68333333333333,80.0,1.0,18.470951634834492,64.50603601384745,577.0,100,1000,none
0.1,10,fixedK40,0,1,1,65,97,0.08034358584666886,40.0,40.0,nan,nan,nan,nan,100,1000,
0.1,10,unified_a001,1,1,0,187,-1,0.09795381691828399,44.61538461538461,85.0,1.0,29.67942096128904,74.75852471731076,577.0,100,1000,none
0.1,11,fixedK40,0,1,1,50,121,0.09377363306333487,40.0,40.0,nan,nan,nan,nan,100,1000,
0.1,11,unified_a001,0,1,1,164,183,0.0804709787433391,40.583333333333336,65.0,1.0,28.442218645765266,75.83009466169965,577.0,100,1000,none
0.1,12,fixedK40,0,1,1,67,150,0.08987574875668088,40.0,40.0,nan,nan,nan,nan,100,1000,
0.1,12,unified_a001,1,1,0,78,-1,0.10240031664333098,46.5,95.0,1.0,14.23094771278022,63.618158072991406,577.0,100,1000,none
0.1,13,fixedK40,1,1,0,235,-1,0.08677966469998864,40.0,40.0,nan,nan,nan,nan,100,1000,
0.1,13,unified_a001,0,1,1,109,177,0.08807586377997571,41.85,75.0,1.0,25.68410097492613,73.1405847272264,577.0,100,1000,none
0.1,14,fixedK40,0,1,1,75,240,0.08996369983998496,40.0,40.0,nan,nan,nan,nan,100,1000,
0.1,14,unified_a001,0,1,1,66,211,0.1060604814366828,48.15,75.0,1.0,19.96313348228704,65.14912407204378,577.0,100,1000,none
0.1,15,fixedK40,0,1,1,70,107,0.0868980670766723,40.0,40.0,nan,nan,nan,nan,100,1000,
0.1,15,unified_a001,0,0,0,300,-1,0.0802883927799788,41.1,75.0,1.0,31.014308569760033,78.95885344370545,577.0,100,1000,none
0.1,16,fixedK40,0,1,1,54,145,0.08595099331003137,40.0,40.0,nan,nan,nan,nan,100,1000,
0.1,16,unified_a001,0,1,1,66,78,0.08730437626000821,42.68333333333333,80.0,1.0,28.702594219997355,73.43654617835159,577.0,100,1000,none
0.1,17,fixedK40,0,1,1,65,77,0.08757560706666785,40.0,40.0,nan,nan,nan,nan,100,1000,
0.1,17,unified_a001,0,1,1,65,81,0.0918306441833435,42.61666666666667,70.0,1.0,21.837021480359354,68.32411252333407,577.0,100,1000,none
0.1,18,fixedK40,0,1,1,69,97,0.08958135124334451,40.0,40.0,nan,nan,nan,nan,100,1000,
0.1,18,unified_a001,0,1,1,63,73,0.09112493361665959,42.266666666666666,85.0,1.0,25.398332705785894,71.69862984417797,577.0,100,1000,none
0.1,19,fixedK40,1,1,0,185,-1,0.08432535861334145,40.0,40.0,nan,nan,nan,nan,100,1000,
0.1,19,unified_a001,0,1,1,85,112,0.08438452319335132,41.516666666666666,70.0,1.0,30.45725985843699,74.94257717856422,577.0,100,1000,none
0.12,0,fixedK40,1,1,0,174,-1,0.08630031722997349,40.0,40.0,nan,nan,nan,nan,100,1000,
0.12,0,unified_a001,0,1,1,68,92,0.08016777721000533,41.233333333333334,75.0,1.0,28.11973045870715,75.30003541882579,577.0,100,1000,none
0.12,1,fixedK40,1,1,0,299,-1,0.07536757663664502,40.0,40.0,nan,nan,nan,nan,100,1000,
0.12,1,unified_a001,0,1,1,62,80,0.08146729235665286,40.86666666666667,70.0,1.0,30.45436253320316,77.00813317151083,577.0,100,1000,none
0.12,2,fixedK40,0,1,1,58,209,0.08681106414996975,40.0,40.0,nan,nan,nan,nan,100,1000,
0.12,2,unified_a001,1,1,0,140,-1,0.0957279559400043,44.5,80.0,1.0,19.785467030622627,68.21786141277867,577.0,100,1000,none
0.12,3,fixedK40,0,1,1,53,118,0.0876860709766667,40.0,40.0,nan,nan,nan,nan,100,1000,
0.12,3,unified_a001,0,1,1,55,147,0.0916441327838687,43.553113553113555,80.0,1.0,25.399607456152665,72.26391578231231,577.0,100,1000,none
0.12,4,fixedK40,1,1,0,166,-1,0.08765245875666854,40.0,40.0,nan,nan,nan,nan,100,1000,
0.12,4,unified_a001,0,1,1,53,158,0.10051182600333353,45.86666666666667,90.0,1.0,18.45997344228793,66.31797670545424,577.0,100,1000,none
0.12,5,fixedK40,0,1,1,96,138,0.08825658420762196,40.0,40.0,nan,nan,nan,nan,100,1000,
0.12,5,unified_a001,0,1,1,126,207,0.08738846054337349,41.71666666666667,80.0,1.0,30.407787201080623,74.90507665954742,577.0,100,1000,none
0.12,6,fixedK40,0,1,1,73,99,0.08386386517666627,40.0,40.0,nan,nan,nan,nan,100,1000,
0.12,6,unified_a001,0,1,1,66,89,0.09142231611333955,42.9,95.0,1.0,21.73601360530116,70.20148974409872,577.0,100,1000,none
0.12,7,fixedK40,0,1,1,130,240,0.08865848694666056,40.0,40.0,nan,nan,nan,nan,100,1000,
0.12,7,unified_a001,0,1,1,134,273,0.08800808379664886,42.38333333333333,75.0,1.0,24.889298330635558,68.998731683529,577.0,100,1000,none
0.12,8,fixedK40,0,1,1,123,163,0.0788172340513764,40.0,40.0,nan,nan,nan,nan,100,1000,
0.12,8,unified_a001,0,1,1,67,78,0.09669212513945921,44.625850340136054,85.0,1.0,21.904729862411926,69.31043444454123,577.0,100,1000,none
0.12,9,fixedK40,0,1,1,53,267,0.09222670486333906,40.0,40.0,nan,nan,nan,nan,100,1000,
0.12,9,unified_a001,0,1,1,145,236,0.10011585322333,44.516666666666666,85.0,1.0,21.85648633573354,66.95602409813335,577.0,100,1000,none
0.12,10,fixedK40,0,1,1,61,68,0.08412883015488928,40.0,40.0,nan,nan,nan,nan,100,1000,
0.12,10,unified_a001,1,1,0,266,-1,0.08462282001009923,41.53198653198653,80.0,1.0,26.2311173319389,72.92584843782252,577.0,100,1000,none
0.12,11,fixedK40,0,1,1,52,59,0.07411212402922496,40.0,40.0,nan,nan,nan,nan,100,1000,
0.12,11,unified_a001,0,1,1,52,182,0.09746669473996614,42.9,85.0,1.0,22.151490747789012,67.46156617903799,577.0,100,1000,none
0.12,12,fixedK40,0,1,1,64,96,0.08862905402665698,40.0,40.0,nan,nan,nan,nan,100,1000,
0.12,12,unified_a001,0,1,1,64,88,0.08221341992698859,41.12359550561798,80.0,1.0,31.180004917748622,76.55069533372195,577.0,100,1000,none
0.12,13,fixedK40,0,1,1,66,119,0.08730426415335084,40.0,40.0,nan,nan,nan,nan,100,1000,
0.12,13,unified_a001,1,1,0,139,-1,0.0852772723725388,42.6797385620915,80.0,1.0,25.295440733279772,72.98397760636978,577.0,100,1000,none
0.12,14,fixedK40,0,1,1,57,99,0.08279980030184451,40.0,40.0,nan,nan,nan,nan,100,1000,
0.12,14,unified_a001,0,1,1,61,109,0.09581570968673077,43.833333333333336,80.0,1.0,23.347861422169107,69.38339456103287,577.0,100,1000,none
0.12,15,fixedK40,0,1,1,64,76,0.08588008583028402,40.0,40.0,nan,nan,nan,nan,100,1000,
0.12,15,unified_a001,1,1,0,262,-1,0.0873013861266827,41.96666666666667,75.0,1.0,26.259960108333544,71.94119843232812,577.0,100,1000,none
0.12,16,fixedK40,0,1,1,53,173,0.08627342416669004,40.0,40.0,nan,nan,nan,nan,100,1000,
0.12,16,unified_a001,0,0,0,300,-1,0.07843889737376579,41.111111111111114,65.0,1.0,31.526270084858513,78.20715829050737,577.0,100,1000,none
0.12,17,fixedK40,0,1,1,64,71,0.08035042790982207,40.0,40.0,nan,nan,nan,nan,100,1000,
0.12,17,unified_a001,0,1,1,170,217,0.07961827443998118,40.85,70.0,1.0,28.62971046812297,76.94426944571528,577.0,100,1000,none
0.12,18,fixedK40,0,1,1,87,207,0.08637802274999255,40.0,40.0,nan,nan,nan,nan,100,1000,
0.12,18,unified_a001,0,1,1,64,178,0.09495125316997777,42.95,75.0,1.0,25.472313478736922,71.36980093493817,577.0,100,1000,none
0.12,19,fixedK40,1,1,0,173,-1,0.08159257291997771,40.0,40.0,nan,nan,nan,nan,100,1000,
0.12,19,unified_a001,0,1,1,55,63,0.08911373415331884,44.11666666666667,80.0,1.0,24.866234125997476,70.42602059793958,577.0,100,1000,none
