seed,K,sigma_y,direct_set_ok,mean_sigma_min,min_sigma_min,mean_lambda_min,min_lambda_min,mean_solve_time
0,30,0.0,1,0.2720513407524257,0.25331120537227614,0.07406567419964771,0.06416656676715547,0.09067997612000006
1,30,0.0,1,0.28559690596263415,0.25413229963018125,0.08186013581029582,0.06458322571532422,0.09433440138333318
2,30,0.0,1,0.29307367976474025,0.2454229972524949,0.0861636908424962,0.06023244758039811,0.09498247748999997
3,30,0.0,1,0.303692327325997,0.22600996556448008,0.09300445932218962,0.05108050453445747,0.0922496616666667
4,30,0.0,1,0.31003314191439124,0.23087844351868253,0.09899360602967855,0.05330485568160948,0.09342198834666789
5,30,0.0,1,0.30264568801435143,0.23838040998373325,0.09275188862058482,0.05682521986401275,0.09343179927999955
6,30,0.0,1,0.29378897648706814,0.21979740749212245,0.09253432897870244,0.04831090034025813,0.09205963042666676
7,30,0.0,1,0.3034513663333481,0.24706806464769107,0.0935790327655838,0.06104262856875565,0.09244891919666638
8,30,0.0,1,0.3027933787312015,0.223266849906751,0.09817433394692748,0.04984808626728368,0.0964579728800023
9,30,0.0,1,0.3269418471496798,0.2231521069216053,0.11733418615453596,0.04979686282355157,0.09762134818999793
10,30,0.0,1,0.2870588545705501,0.21866944011149908,0.08510706596038707,0.047816324038676486,0.09620681433000149
11,30,0.0,1,0.2846756761729918,0.25512332564561074,0.08342572705000473,0.06508791128847635,0.09220185099999981
12,30,0.0,1,0.2760071673441775,0.25444464728256155,0.0763580991025837,0.06474207853074716,0.09060590499999686
13,30,0.0,1,0.535016219835697,0.25978709481290213,0.6436036849552519,0.06748933463132781,0.0891727877733327
14,30,0.0,1,0.3006603774523158,0.235200855523359,0.0933200391819243,0.05531944243892,0.09185576961666754
15,30,0.0,1,0.5670263456467141,0.21476947667609902,0.8032060173335338,0.046125928111725445,0.09015413070333239
16,30,0.0,1,0.38296495776012496,0.22511676647277043,0.3082159579960587,0.05067755854715586,0.09211958484333176
17,30,0.0,1,0.28155741072523555,0.22260772316584296,0.07968169602920709,0.04955419841308057,0.09368387170333449
18,30,0.0,1,0.2796073732401234,0.25343390297580654,0.07857765257267545,0.06422874317755053,0.09125786692999686
19,30,0.0,1,0.3556458320648054,0.249744812830251,0.16122504882416422,0.0623724715356171,0.09480865804999704
20,30,0.0,1,0.4889928012080438,0.23031153636852006,0.7694620219028203,0.05304340378442814,0.09197076275999999
21,30,0.0,1,0.29252365531620017,0.22617953337293614,0.0859545400259273,0.05115718131679913,0.09852699874666504
22,30,0.0,1,0.31629965072644495,0.22659034670449726,0.11011029124515574,0.05134318521966428,0.09347028879333455
23,30,0.0,1,0.8360871606891717,0.2345816705214456,1.5520744748219908,0.05502856014463206,0.0860123547466704
24,30,0.0,1,0.28980411960276586,0.24259565586493195,0.08437335592642624,0.05885265224453649,0.09462984875000074
25,30,0.0,1,0.2704955862972852,0.25444464728256166,0.07319488034505985,0.06474207853074722,0.08885767667333501
26,30,0.0,1,0.28059369586070054,0.2525895437280205,0.07891959540995809,0.06380147760072959,0.09052305206666954
27,30,0.0,1,0.2852655601579551,0.22326684990675102,0.08162714305001982,0.04984808626728369,0.09291755455999805
28,30,0.0,1,0.30442248705265146,0.2405750090554366,0.09403081050423123,0.05787633498202341,0.09404037388333411
29,30,0.0,1,0.2724304442025141,0.2511468557802255,0.07430601070241295,0.0630747431682934,0.09304414556000286
0,40,0.0,1,0.3152815628503594,0.286507764352596,0.09955622228231976,0.08208669903432267,0.10682687260333333
1,40,0.0,1,0.3131303246052002,0.28650748837795387,0.09821414567352697,0.08208654089664338,0.10996016378332835
2,40,0.0,1,1.276086710719449,0.3090466576940164,3.551070101840225,0.09550983663184254,0.0965693993099967
3,40,0.0,1,0.3243919234993735,0.2956422035223452,0.10672673462413297,0.0874043125035478,0.11172148277666792
4,40,0.0,1,0.33834130306332144,0.28698132586792935,0.12483983365236308,0.08235828139691466,0.11103381984332941
5,40,0.0,1,0.350826895964133,0.28960933059283733,0.12396629930540001,0.08387356436643136,0.10819081416333158
6,40,0.0,1,0.3693382200613116,0.2699776630058296,0.14071488191345835,0.0728879385220893,0.11158357500999348
7,40,0.0,1,0.32029892678560945,0.2925771072022195,0.10287888031246256,0.08560136365881905,0.10902989405666404
8,40,0.0,1,0.3496107803733245,0.3044512849642009,0.12697553454490965,0.09269058491635304,0.1121041587566583
9,40,0.0,1,1.3815017066917532,0.2943777922598546,4.1185818721253575,0.08665828457578613,0.09235125450434818
10,40,0.0,1,0.3358926646894613,0.289995133085182,0.11398070813710293,0.0840971772130924,0.1093777022233318
11,40,0.0,1,0.31525462440628,0.28642448874982185,0.09948361491359227,0.08203898775559681,0.10372761484332993
12,40,0.0,1,0.3235500122507935,0.2887595259840483,0.10491098758766791,0.08338206384653227,0.10602060390667097
13,40,0.0,1,0.3473654138663244,0.28620825792381016,0.13003574905267096,0.08191516690378225,0.10669516502332954
14,40,0.0,1,0.322800951987198,0.29394197878224965,0.10445159442177326,0.08640188689042451,0.11252496805333977
15,40,0.0,1,0.3309022338056391,0.2860031824624403,0.11026951630515318,0.0817978203786439,0.10927618470000046
16,40,0.0,1,0.3142993637350192,0.29340229436906173,0.09893117120688212,0.08608490634102955,0.11128571347666669
17,40,0.0,1,0.34672654828087945,0.29238743779603926,0.12392907928357237,0.08549041378093272,0.11235063927666109
18,40,0.0,1,0.38302468705977893,0.300216970104472,0.17672781549798097,0.09013022913870945,0.11082153054666379
19,40,0.0,1,0.31426934011009944,0.2704293945861268,0.09955520849223704,0.07313205745621906,0.11082981416666599
20,40,0.0,1,0.3401218099130703,0.3005456066620743,0.11643034445080351,0.09032766168387427,0.10776512280333767
21,40,0.0,1,0.36312371767758017,0.29908228172792245,0.13604124932127448,0.08945021124358037,0.11323342401667484
22,40,0.0,1,0.34703047916102653,0.3016359082660482,0.12585089533088423,0.09098422115548384,0.10639055525000533
23,40,0.0,1,0.31645483991964823,0.2870172583851609,0.10040480314389562,0.08237890661093422,0.10377182099999724
24,40,0.0,1,0.3137393948705091,0.2931612063820511,0.09852559094356866,0.08594349292737957,0.10208094096666703
25,40,0.0,1,0.31198783268453323,0.28620825792381016,0.09743527035627254,0.08191516690378225,0.10685619222999093
26,40,0.0,1,0.3178089118239737,0.28600318246244016,0.10122314737912888,0.08179782037864385,0.10723426222666982
27,40,0.0,1,0.31755571382913483,0.28600318246244016,0.10106461826161209,0.08179782037864385,0.10702921943333346
28,40,0.0,1,0.32230091000908007,0.2939001088645191,0.10458200825880667,0.0863772739905762,0.10883714724000736
29,40,0.0,1,0.3185291079176031,0.284813042413536,0.1019820535895891,0.08111846912885465,0.10475176300999843
0,50,0.0,1,0.367306227953905,0.3523863734683476,0.1349354173608189,0.12417615620617375,0.11435313127334364
1,50,0.0,1,0.3710266443992577,0.34875956269377334,0.1383547107477997,0.12163323257035202,0.1143011938766737
2,50,0.0,1,0.41061712839671655,0.3310994009373981,0.17190009489616004,0.10962681330110391,0.12751890651332662
3,50,0.0,1,0.373576982440235,0.3539730430512316,0.14155698802954958,0.12529691520694908,0.11570750806332854
4,50,0.0,1,0.3904934801135006,0.3494345531508693,0.18884385283287575,0.12210450693574769,0.11518681097999964
5,50,0.0,1,0.37922854360398656,0.33965898753829826,0.14445748343547668,0.11536822781554185,0.12179611335000194
6,50,0.0,1,1.120799324689912,0.3410540898284292,2.731274453763382,0.11631789218869826,0.11906450791332267
7,50,0.0,1,0.37203322838964575,0.33806136114754104,0.1396202104142317,0.11428548390092819,0.11675644664332291
8,50,0.0,1,0.37633081562793247,0.33482745098895483,0.1428471173975436,0.11210942193576097,0.12616406308333655
9,50,0.0,1,0.6704285332552018,0.3345368894172211,1.220045975497502,0.11191493038095003,0.1268810466733248
10,50,0.0,1,0.36871606865161194,0.34346504648354104,0.1360444472113654,0.11796823815594101,0.11524539444667425
11,50,0.0,1,0.36694395419501313,0.354479859105357,0.13466704730117138,0.12565597051135377,0.11400236392001262
12,50,0.0,1,0.37073408108443895,0.3526598643577504,0.1375787857325982,0.12436897992882691,0.11900959165333916
13,50,0.0,1,0.3988835640274503,0.3548535830945569,0.16019060891332407,0.1259210654350456,0.12511238128998534
14,50,0.0,1,0.3705010902868612,0.35265986435775043,0.137352560449004,0.12436897992882694,0.11527237053000135
15,50,0.0,1,0.3997633726757416,0.3410452076032228,0.16100118984721343,0.11631183362912535,0.12979348333333443
16,50,0.0,1,0.3746888660569915,0.34534265873220066,0.1427777221775633,0.11926155194022521,0.11678989721666919
17,50,0.0,1,1.0278923373167255,0.35429682759066383,2.8163092895661097,0.12552624204080856,0.11829969585999
18,50,0.0,1,0.3899411844386137,0.33599106518526234,0.1554276819664832,0.11288999588432722,0.12735463348334178
19,50,0.0,1,0.3760511875703914,0.3286147308841736,0.14630590345163455,0.10798764135407785,0.11616207024332804
20,50,0.0,1,0.3744600929219503,0.3380613611475409,0.14103442407428043,0.11428548390092808,0.12111141348332997
21,50,0.0,1,0.39740668180631417,0.3426639542793356,0.16074899007449014,0.11741858556235062,0.1241086209366631
22,50,0.0,1,0.40248599781163513,0.338061361147541,0.19726483442941167,0.11428548390092813,0.12701129013333987
23,50,0.0,1,0.3948544849233274,0.34293926863475527,0.15995475554539879,0.11760734197174083,0.1278120773666554
24,50,0.0,1,0.36731802521133794,0.35406997360851844,0.13496314133521067,0.12536554621113696,0.11898733154001093
25,50,0.0,1,0.36706518581787356,0.3526598643577504,0.1347626316643673,0.12436897992882691,0.11339101066999319
26,50,0.0,1,0.3663841061737791,0.3526598643577504,0.13426431224576443,0.12436897992882691,0.11391441137997996
27,50,0.0,1,0.36925738124561924,0.3544798591053571,0.1364567978676141,0.12565597051135383,0.11451634913000362
28,50,0.0,1,0.3718475497811967,0.34189162815002955,0.13872442986092282,0.11688988539907809,0.11446025178667393
29,50,0.0,1,0.39388942319007525,0.347482934725658,0.1628755700792966,0.1207443899255559,0.1253165857099975
0,60,0.0,1,0.4210469032566802,0.3985135140792493,0.17731109846188653,0.158813020903792,0.12441310013000323
1,60,0.0,1,0.4371514233757869,0.37678508322797105,0.2006483231932976,0.14196699894310907,0.1312152253799953
2,60,0.0,1,0.43991458144763546,0.3818696371159174,0.196569850145802,0.14582441975104246,0.13802633342666165
3,60,0.0,1,0.42824774589291,0.39373355296217744,0.1875484225311967,0.15502611072821978,0.1291976081999898
4,60,0.0,1,0.4286330046921908,0.37644021906207703,0.18650765204651865,0.14170723852750453,0.13605914930998553
5,60,0.0,1,0.43531696075393306,0.3857006875487713,0.19275891612943757,0.14876502037559491,0.1320666436166827
6,60,0.0,1,0.4609736542138299,0.3925564510781242,0.2191671392114956,0.15410056728305171,0.14172262262999236
7,60,0.0,1,0.4266876452476244,0.35774504897219245,0.18511678284700286,0.12798152006411637,0.13119313973334404
8,60,0.0,1,0.4605844871967016,0.383349849844156,0.2240061413915215,0.14695710737553694,0.14181948723998783
9,60,0.0,1,0.4656194919748146,0.40722698720430445,0.22416331130542858,0.16583381910749473,0.14003897343333394
10,60,0.0,1,0.42860442890066625,0.3988760489117221,0.18457418069277678,0.15910210239542652,0.1295757433466618
11,60,0.0,1,0.4230198338319949,0.4032918673803043,0.17899421828132664,0.16264433029509298,0.12591708123999829
12,60,0.0,1,0.42812257591955133,0.4005466129753923,0.1851618763536093,0.1604375891660587,0.1289804964899986
13,60,0.0,1,1.0198000884512874,0.37753213806953523,2.833932811998588,0.1425305152753546,0.14734075430999838
14,60,0.0,1,0.4257389027971085,0.39578533056158033,0.1833213101630728,0.1566460278877394,0.1353478675099935
15,60,0.0,1,0.45430632041907243,0.41669016813729914,0.2071436614820519,0.17363069622229063,0.14729584510333402
16,60,0.0,1,0.42547516572417854,0.38490919265678186,0.1845938152332469,0.1481550865916956,0.13524486846000702
17,60,0.0,1,0.4569722971394026,0.3825675491572182,0.21618183733245752,0.14635792966816055,0.13414636281000183
18,60,0.0,1,0.4706859391155064,0.3877207478851423,0.22846731001863957,0.1503273783406141,0.15320236976666515
19,60,0.0,1,0.4315482750874485,0.35177918589430096,0.19281901195595721,0.12374859562845714,0.13615727875000477
20,60,0.0,1,0.42813681243663787,0.380461121981729,0.18625058387996593,0.14475066533959605,0.13566761957663553
21,60,0.0,1,0.4571123656998803,0.382013678590782,0.2206494207330894,0.1459344506304613,0.13853966804334505
22,60,0.0,1,0.42741303287022353,0.3883000072934485,0.18684978657678522,0.15077689566409216,0.13051995082665446
23,60,0.0,1,0.43416112242753874,0.3779454000487493,0.19545315329131693,0.14284272541800916,0.1371665762599999
24,60,0.0,1,0.4228847660470163,0.39318710336530405,0.1788830675674946,0.15459609825279827,0.12882755458998113
25,60,0.0,1,0.42268986094488536,0.4032918673803042,0.17871199466897664,0.16264433029509287,0.12482385594998505
26,60,0.0,1,0.42217770236813645,0.4032918673803042,0.17828123473701973,0.16264433029509287,0.1269108826433406
27,60,0.0,1,0.42421955264740796,0.4055231546601967,0.18000917381735082,0.16444902896555783,0.1280616911400087
28,60,0.0,1,0.42751060926808077,0.3957145239206683,0.18664240471206686,0.15658998444176117,0.13593858166331757
29,60,0.0,1,0.42299442494181755,0.39461507506818844,0.17899539865567884,0.155721057471072,0.12610534017000039
0,70,0.0,1,0.47359944657083103,0.43324993947660584,0.22434470039908538,0.18770551005648262,0.1385396577866868
1,70,0.0,1,0.4846784405857549,0.43750767649709715,0.24148041325734032,0.19141296699388863,0.13871358818998183
2,70,0.0,1,0.5028039825466698,0.4463109164932773,0.26309933265781316,0.19919343418106913,0.16036671817996043
3,70,0.0,1,0.48649937808205723,0.4250249193083113,0.24633773526229719,0.18064618203303656,0.1424152759866653
4,70,0.0,1,0.48306363583501477,0.4226221411963021,0.24022225253778742,0.17860947422934711,0.150906638893357
5,70,0.0,1,0.5047803162503912,0.42248617311718173,0.26994394019293616,0.17849456647520123,0.14210183300668178
6,70,0.0,1,0.4797427167926487,0.43418254181441013,0.23425516454628104,0.188514479616422,0.14411103069001002
7,70,0.0,1,0.5159030329718501,0.4265622985998328,0.29859079574805897,0.18195539458677293,0.16932561428998572
8,70,0.0,1,0.59045147201023,0.4333697177755705,0.3796835766231254,0.18780931228487763,0.15353337262334207
9,70,0.0,1,0.5022731644158976,0.4244298453731406,0.2590112037879243,0.18014069364346802,0.16348376543335386
10,70,0.0,1,0.47064092035551863,0.43059679882247376,0.22322881296373964,0.18541360315616195,0.14137899024333517
11,70,0.0,1,0.47221096186854083,0.4510484139809429,0.22304135486899723,0.20344467175472405,0.13381561292334482
12,70,0.0,1,0.4741261395039756,0.446047741044562,0.22641179465921382,0.19895858729095664,0.1419206681600099
13,70,0.0,1,0.5370627483065742,0.4395133313181901,0.30841330827202085,0.19317196840641315,0.15571700070667854
14,70,0.0,1,0.47965024620909713,0.42679165712599604,0.23422638443690563,0.18215111859235378,0.1420815498633086
15,70,0.0,1,1.2240813052890271,0.4239744201158236,3.455672275973258,0.17975430891254887,0.1647151328033154
16,70,0.0,1,0.47978458825610837,0.4169005228050929,0.2338100073157321,0.17380604591515977,0.13863477846000327
17,70,0.0,1,0.4986829121883544,0.44631091649327714,0.25363436810970574,0.19919343418106902,0.15980263042334325
18,70,0.0,1,0.5422844489281066,0.44294827393849656,0.32236195185693445,0.1962031733850934,0.15944803789332884
19,70,0.0,1,0.47952828470908426,0.4135297698871546,0.23426003259100933,0.17100687058292305,0.14855935081667362
20,70,0.0,1,0.47854203135447515,0.4344345701862485,0.23354879353468685,0.18873339577291046,0.1508791551399645
21,70,0.0,1,0.521046180968217,0.45518817509462794,0.2885944082283435,0.20719627474597765,0.16537329415664923
22,70,0.0,1,0.4834722706744791,0.4142875535094556,0.24040554966643166,0.17163417699285005,0.14531747056000616
23,70,0.0,1,0.4967837474694263,0.43619260039925395,0.2596884406314078,0.19026398464306324,0.15187251321335377
24,70,0.0,1,0.4737324542099762,0.44128603123799065,0.22446996780135198,0.19473336136577687,0.13976028719664405
25,70,0.0,1,0.47435416438662914,0.4610290443261372,0.22504401045166675,0.2125477797122714,0.13984584981998827
26,70,0.0,1,0.47488969536368186,0.4637667439388759,0.22554968850013368,0.21507959278366687,0.1392305699833105
27,70,0.0,1,0.4635913479402856,0.44735013316314115,0.21500720605655507,0.2001221416410801,0.14269147529997706
28,70,0.0,1,0.4814392244993724,0.4307748030479619,0.23848991752266155,0.18556693094101034,0.1530096802600201
29,70,0.0,1,0.47062426174571564,0.44613071796359666,0.22355515868034787,0.19903261751071422,0.1441302469199915
0,80,0.0,1,0.49882695523540366,0.48292101999663106,0.24883196404708585,0.23321271155458656,0.16460279803333833
1,80,0.0,1,0.6948557116908488,0.4716583118244222,0.5094713022778664,0.22246156311306386,0.16990004166998915
2,80,0.0,1,0.6113049809590365,0.47568695389689997,0.410668149077846,0.22627807810771142,0.17256751460000486
3,80,0.0,1,0.53111336961093,0.4632560478907046,0.3003588439322443,0.21460616590731482,0.17259293054000713
4,80,0.0,1,0.5238414215501891,0.43520707150060284,0.29010940690543063,0.1894051950841308,0.16957201969999308
5,80,0.0,1,0.7262202773785941,0.4652096840656679,1.2600985726802825,0.2164200501484786,0.20360940776662573
6,80,0.0,1,0.5260541347892849,0.482317514270562,0.29049616250252086,0.23263018457213377,0.1678380741399936
7,80,0.0,1,0.5133967876967355,0.4687545951286436,0.2705510497691493,0.21973087045421857,0.17074433372666742
8,80,0.0,1,0.8162534318617535,0.4810842595777886,0.7151484410946699,0.2314420648135091,0.1854990618266826
9,80,0.0,1,1.731508124740958,0.4340921683662454,5.821529517781069,0.18843601063690876,0.1737774187566659
10,80,0.0,1,0.7030237762828118,0.46670047156943756,0.5588544678857533,0.21780933016313542,0.1827493108366404
11,80,0.0,1,0.4971487736664786,0.48231751427056213,0.24718503180885656,0.23263018457213389,0.16935495875665463
12,80,0.0,1,0.7614360557823648,0.4840755069757472,0.6190156798649649,0.23432909645382666,0.17690318569664668
13,80,0.0,1,0.6625897358211055,0.4809968216294689,0.47496914089051084,0.2313579424176511,0.17275632236665237
14,80,0.0,1,0.5098781280693413,0.4744745925259803,0.26613854001790854,0.22512613895269504,0.1789232917933229
15,80,0.0,1,0.5532165147541539,0.4790047104173554,0.3234623827852717,0.22944551260201446,0.19383242736666945
16,80,0.0,1,0.5173821244379475,0.46209149283130646,0.27653398903676996,0.21352854774706537,0.17661952638666661
17,80,0.0,1,0.5843135869575294,0.4688667708932195,0.36737152936641226,0.21983604884783478,0.1894607049866833
18,80,0.0,1,0.6248942340905418,0.4684957742936055,0.429778360753441,0.21948829053096497,0.1738821191566755
19,80,0.0,1,0.5160484767970445,0.462720919160682,0.2749065215888494,0.2141106490289064,0.17483768471331737
20,80,0.0,1,0.6147156651286381,0.4695036181499421,0.4497308017692109,0.22043364745588667,0.1930859035899842
21,80,0.0,1,0.6019013177857839,0.4616460125324064,0.39172706080424974,0.21311704088707073,0.18700787879000322
22,80,0.0,1,0.5170871160175942,0.46537863663361045,0.2757084567394193,0.21657727543495803,0.17451773084333277
23,80,0.0,1,0.7265216409885007,0.48229213910525065,0.5705727567632761,0.23260570744271847,0.17820904832338177
24,80,0.0,1,0.5031113539642045,0.48573007163048987,0.2550180501581612,0.2359337024861608,0.1725291200066537
25,80,0.0,1,0.4992209778830814,0.48737884621652344,0.2492227638174488,0.2375381397393496,0.1710951732133041
26,80,0.0,1,0.49904783783564766,0.4866588753295373,0.24904950204138576,0.23683686093701012,0.17147368830001142
27,80,0.0,1,0.5291767779714597,0.479023720495239,0.2975435112384932,0.22946372479710087,0.17152698025334756
28,80,0.0,1,0.5164476460959189,0.45023279220366813,0.2740266998336318,0.2027095671755114,0.17832279528667036
29,80,0.0,1,0.5233274773902303,0.48231751427056213,0.286425648209904,0.23263018457213389,0.16922377634334226
