file,mode,noise,K,rho,cost,rmse,success,slack,sigma,solve_ms,sse,reach_time,reach_hit
run_fixed_k_K020_rho0.005_noise0.005_Kmin20_Kmax200_Kstep10_gmin1e-06_seed000.npz,fixed_k,0.005,20.0,0.005,0.3959779836089243,0.12179913840843246,0.0,2.300750953947148,0.0563126439515651,65.02885716656844,0.08208148306259436,600.0,0.0
run_fixed_k_K020_rho0.005_noise0.005_Kmin20_Kmax200_Kstep10_gmin1e-06_seed001.npz,fixed_k,0.005,20.0,0.005,0.48398561194275963,0.1377027119094542,0.0,1.4438261418854332,0.06052834267428387,66.67467600074208,0.11891321081340551,600.0,0.0
run_fixed_k_K020_rho0.005_noise0.005_Kmin20_Kmax200_Kstep10_gmin1e-06_seed002.npz,fixed_k,0.005,20.0,0.005,0.6424422402836281,0.15910288480962753,0.0,3.0826201774354423,0.06455869911504242,65.92122866500479,0.12864870433616066,600.0,0.0
run_fixed_k_K020_rho0.005_noise0.005_Kmin20_Kmax200_Kstep10_gmin1e-06_seed003.npz,fixed_k,0.005,20.0,0.005,0.5751397280422827,0.14973309698937337,0.0,3.2348039752722912,0.05279590278325473,67.06158133272159,0.08548296220201061,600.0,0.0
run_fixed_k_K020_rho0.005_noise0.005_Kmin20_Kmax200_Kstep10_gmin1e-06_seed004.npz,fixed_k,0.005,20.0,0.005,0.3435511192836851,0.11309345282015437,0.0,3.6641924723017105,0.06797955939492954,68.5104006655941,0.10444843757926506,600.0,0.0
run_fixed_k_K020_rho0.005_noise0.01_Kmin20_Kmax200_Kstep10_gmin1e-06_seed000.npz,fixed_k,0.01,20.0,0.005,0.32489537789288825,0.10816973999934831,0.0,1.679374850527509,0.05893951241963263,60.480299166714154,0.06857857168521016,600.0,0.0
run_fixed_k_K020_rho0.005_noise0.01_Kmin20_Kmax200_Kstep10_gmin1e-06_seed001.npz,fixed_k,0.01,20.0,0.005,0.246825234296033,0.0935336119166554,0.0,1.9497264292311376,0.04588037642461997,61.052010667723756,0.11624000726294201,600.0,0.0
run_fixed_k_K020_rho0.005_noise0.01_Kmin20_Kmax200_Kstep10_gmin1e-06_seed002.npz,fixed_k,0.01,20.0,0.005,0.5799562641591419,0.1506705530103601,0.0,3.3943764268470327,0.06201121786069191,60.42270399989017,0.11872773852317782,600.0,0.0
run_fixed_k_K020_rho0.005_noise0.01_Kmin20_Kmax200_Kstep10_gmin1e-06_seed003.npz,fixed_k,0.01,20.0,0.005,0.7030348535450969,0.16463567926005726,0.0,2.7075430276833514,0.06753368050023185,60.32557116559474,0.09974237395196146,600.0,0.0
run_fixed_k_K020_rho0.005_noise0.01_Kmin20_Kmax200_Kstep10_gmin1e-06_seed004.npz,fixed_k,0.01,20.0,0.005,0.5867338527810811,0.1510491165827241,0.0,4.514297886611876,0.05733282355826834,59.39029916703779,0.12777728544419953,600.0,0.0
run_fixed_k_K030_rho0.005_noise0.005_Kmin20_Kmax200_Kstep10_gmin1e-06_seed000.npz,fixed_k,0.005,30.0,0.005,0.24705849424917242,0.09187894013080665,0.0,4.961909822577047,0.021490407080090243,98.35869299994859,0.1171505976638818,600.0,0.0
run_fixed_k_K030_rho0.005_noise0.005_Kmin20_Kmax200_Kstep10_gmin1e-06_seed001.npz,fixed_k,0.005,30.0,0.005,0.26749694834930104,0.09476181526390036,0.0,2.131301200757605,0.01532073550482677,95.3609033349979,0.08989206684428531,600.0,0.0
run_fixed_k_K030_rho0.005_noise0.005_Kmin20_Kmax200_Kstep10_gmin1e-06_seed002.npz,fixed_k,0.005,30.0,0.005,0.23383577722084245,0.08907896577650411,0.0,2.184110372672874,0.02354870762167517,95.41105649957899,0.13172670721952268,600.0,0.0
run_fixed_k_K030_rho0.005_noise0.005_Kmin20_Kmax200_Kstep10_gmin1e-06_seed003.npz,fixed_k,0.005,30.0,0.005,0.17334910877279128,0.07015035139066472,0.0,2.2453083293032305,0.022687177946216903,98.46055016649188,0.0711831670717738,600.0,0.0
run_fixed_k_K030_rho0.005_noise0.005_Kmin20_Kmax200_Kstep10_gmin1e-06_seed004.npz,fixed_k,0.005,30.0,0.005,0.2741127422935003,0.09760433761677353,0.0,1.8873421921982108,0.01756130438518434,99.08844783397701,0.07692327976550764,600.0,0.0
run_fixed_k_K030_rho0.005_noise0.01_Kmin20_Kmax200_Kstep10_gmin1e-06_seed000.npz,fixed_k,0.01,30.0,0.005,0.1529229217693984,0.06572310867722979,0.0,2.2463941418702182,0.020321375075455127,87.87016866709261,0.0532804499660083,600.0,0.0
run_fixed_k_K030_rho0.005_noise0.01_Kmin20_Kmax200_Kstep10_gmin1e-06_seed001.npz,fixed_k,0.01,30.0,0.005,0.23826404960522962,0.08797724554354704,0.0,0.7089382430318683,0.01772105727921793,87.29623616721558,0.05950923040558996,600.0,0.0
run_fixed_k_K030_rho0.005_noise0.01_Kmin20_Kmax200_Kstep10_gmin1e-06_seed002.npz,fixed_k,0.01,30.0,0.005,0.17921614352066442,0.07187463263218491,0.0,3.3376522654964003,0.014401727361209742,88.75083116736884,0.016384003602064635,600.0,0.0
run_fixed_k_K030_rho0.005_noise0.01_Kmin20_Kmax200_Kstep10_gmin1e-06_seed003.npz,fixed_k,0.01,30.0,0.005,0.3847376075647646,0.11690026951269122,0.0,3.3327879583663806,0.022559346672640344,87.84569883428048,0.1209851423451385,600.0,0.0
run_fixed_k_K030_rho0.005_noise0.01_Kmin20_Kmax200_Kstep10_gmin1e-06_seed004.npz,fixed_k,0.01,30.0,0.005,0.2879000323949509,0.09908485959335064,0.0,0.19877174806651116,0.02385575683494704,87.35604299940557,0.1502440506291232,600.0,0.0
run_fixed_k_K040_rho0.005_noise0.005_Kmin20_Kmax200_Kstep10_gmin1e-06_seed000.npz,fixed_k,0.005,40.0,0.005,0.2207033686818092,0.08316992242878721,0.0,0.20585554989092672,0.00018119325242446277,129.6445468327147,0.08295301530033974,600.0,0.0
run_fixed_k_K040_rho0.005_noise0.005_Kmin20_Kmax200_Kstep10_gmin1e-06_seed001.npz,fixed_k,0.005,40.0,0.005,0.19267117363197445,0.07648588616675596,0.0,1.3720629337495889,0.00010527602406017663,128.30910633259919,0.141173127946127,600.0,0.0
run_fixed_k_K040_rho0.005_noise0.005_Kmin20_Kmax200_Kstep10_gmin1e-06_seed002.npz,fixed_k,0.005,40.0,0.005,0.1547943268172586,0.06396438998752475,0.0,0.5410611575358607,8.859108283294876e-05,128.50393116668178,0.013656947573208436,600.0,0.0
run_fixed_k_K040_rho0.005_noise0.005_Kmin20_Kmax200_Kstep10_gmin1e-06_seed003.npz,fixed_k,0.005,40.0,0.005,0.14696306323999608,0.06423508143540534,0.0,1.980216161301275,0.00011671910184685292,129.2873693325479,0.053464146126044665,600.0,0.0
run_fixed_k_K040_rho0.005_noise0.005_Kmin20_Kmax200_Kstep10_gmin1e-06_seed004.npz,fixed_k,0.005,40.0,0.005,0.14140352346529375,0.06212201954335208,0.0,0.9791399777015153,0.0002051909422419154,129.29705116519472,0.054265070970286045,600.0,0.0
run_fixed_k_K040_rho0.005_noise0.01_Kmin20_Kmax200_Kstep10_gmin1e-06_seed000.npz,fixed_k,0.01,40.0,0.005,0.1608592046861417,0.06579988175101745,0.0,1.2093071359835528,0.00013986548337615955,127.78853216703283,0.05231180872108,600.0,0.0
run_fixed_k_K040_rho0.005_noise0.01_Kmin20_Kmax200_Kstep10_gmin1e-06_seed001.npz,fixed_k,0.01,40.0,0.005,0.14512463493934602,0.05893649494312419,0.0,2.034982122361355,0.0002627373499455921,127.23853166641977,0.09151019231604354,600.0,0.0
run_fixed_k_K040_rho0.005_noise0.01_Kmin20_Kmax200_Kstep10_gmin1e-06_seed002.npz,fixed_k,0.01,40.0,0.005,0.1472026700955757,0.05967052458580317,0.0,0.832566295476295,0.00027365380059152217,128.02551050078668,0.028017035969074948,600.0,0.0
run_fixed_k_K040_rho0.005_noise0.01_Kmin20_Kmax200_Kstep10_gmin1e-06_seed003.npz,fixed_k,0.01,40.0,0.005,0.28716191060616486,0.0958997912643796,0.0,2.175023517391068,0.0001462240973566568,125.48749483578528,0.10786800516522699,600.0,0.0
run_fixed_k_K040_rho0.005_noise0.01_Kmin20_Kmax200_Kstep10_gmin1e-06_seed004.npz,fixed_k,0.01,40.0,0.005,0.24393777434995237,0.08821256710963715,0.0,4.5493264746804325,0.0003005334068480396,127.22515500082712,0.11920943769802154,600.0,0.0
run_fixed_k_K050_rho0.005_noise0.005_Kmin20_Kmax200_Kstep10_gmin1e-06_seed000.npz,fixed_k,0.005,50.0,0.005,0.09771941958665903,0.0459980624476651,0.0,0.0238360849289697,1.5179172767661644e-09,160.0283026655476,0.019330317674128343,600.0,0.0
run_fixed_k_K050_rho0.005_noise0.005_Kmin20_Kmax200_Kstep10_gmin1e-06_seed001.npz,fixed_k,0.005,50.0,0.005,0.1145293932235479,0.053643017612999166,0.0,0.02652098900546729,5.821939887865187e-10,159.45357266677698,0.042703168004770656,600.0,0.0
run_fixed_k_K050_rho0.005_noise0.005_Kmin20_Kmax200_Kstep10_gmin1e-06_seed002.npz,fixed_k,0.005,50.0,0.005,0.11775056093323304,0.052907534958081336,0.0,0.027012096495447262,1.4032599593279176e-09,156.31479233454834,0.015947266591420716,600.0,0.0
run_fixed_k_K050_rho0.005_noise0.005_Kmin20_Kmax200_Kstep10_gmin1e-06_seed003.npz,fixed_k,0.005,50.0,0.005,0.12969769129465647,0.05932167989051956,0.0,1.4896343182349252,1.5103951195725952e-09,156.93776733290483,0.020563329940200985,600.0,0.0
run_fixed_k_K050_rho0.005_noise0.005_Kmin20_Kmax200_Kstep10_gmin1e-06_seed004.npz,fixed_k,0.005,50.0,0.005,0.10455505348453478,0.049302944369418,0.0,0.032892743651317,3.767164482168078e-10,157.85612916467167,0.04965059380138902,600.0,0.0
run_fixed_k_K050_rho0.005_noise0.01_Kmin20_Kmax200_Kstep10_gmin1e-06_seed000.npz,fixed_k,0.01,50.0,0.005,0.17607807584284377,0.06581549128320534,0.0,0.06053426384613399,6.136718887733284e-10,161.7726240012174,0.022203245711061116,600.0,0.0
run_fixed_k_K050_rho0.005_noise0.01_Kmin20_Kmax200_Kstep10_gmin1e-06_seed001.npz,fixed_k,0.01,50.0,0.005,0.1836284412262445,0.07086992837174406,0.0,0.4878618638826102,2.327653697818234e-10,161.1104180016749,0.05081674250560991,600.0,0.0
run_fixed_k_K050_rho0.005_noise0.01_Kmin20_Kmax200_Kstep10_gmin1e-06_seed002.npz,fixed_k,0.01,50.0,0.005,0.19549172566132553,0.07145103999137685,0.0,2.4579309748957296,3.311450899560814e-10,161.08657483341327,0.07363639364145905,600.0,0.0
run_fixed_k_K050_rho0.005_noise0.01_Kmin20_Kmax200_Kstep10_gmin1e-06_seed003.npz,fixed_k,0.01,50.0,0.005,0.14560569650005714,0.0613717402958256,0.0,1.426826494632395,4.809645554579266e-10,160.58366033432927,0.02552534711927054,600.0,0.0
run_fixed_k_K050_rho0.005_noise0.01_Kmin20_Kmax200_Kstep10_gmin1e-06_seed004.npz,fixed_k,0.01,50.0,0.005,0.17056250374008441,0.06566860874757079,0.0,2.666222567264958,1.9595619070312056e-09,162.89545966613028,0.026263590770872047,600.0,0.0
run_fixed_k_K060_rho0.005_noise0.005_Kmin20_Kmax200_Kstep10_gmin1e-06_seed000.npz,fixed_k,0.005,60.0,0.005,0.11115991907566876,0.05240237517099915,0.0,0.6375718822816163,2.458683060302372e-08,203.97875933519876,0.0156120056544479,600.0,0.0
run_fixed_k_K060_rho0.005_noise0.005_Kmin20_Kmax200_Kstep10_gmin1e-06_seed001.npz,fixed_k,0.005,60.0,0.005,0.09172095395980089,0.044026502487978944,0.0,0.027043748496762807,5.183483968454395e-08,197.67866433413778,0.030960095978719897,600.0,0.0
run_fixed_k_K060_rho0.005_noise0.005_Kmin20_Kmax200_Kstep10_gmin1e-06_seed002.npz,fixed_k,0.005,60.0,0.005,0.1208449167777524,0.05346833395620083,0.0,1.7133042555354994,2.4076494488113825e-08,202.80211966620604,0.04208934024485625,600.0,0.0
run_fixed_k_K060_rho0.005_noise0.005_Kmin20_Kmax200_Kstep10_gmin1e-06_seed003.npz,fixed_k,0.005,60.0,0.005,0.08661204504111418,0.041132768128817686,0.0,0.024859873639335728,2.0607828116357137e-08,198.99316899992604,0.04405802418952469,600.0,0.0
run_fixed_k_K060_rho0.005_noise0.005_Kmin20_Kmax200_Kstep10_gmin1e-06_seed004.npz,fixed_k,0.005,60.0,0.005,0.09648761796322596,0.047977323874796425,0.0,0.02849708686282482,5.788411560747686e-08,200.85433750102916,0.016909256857066433,600.0,0.0
run_fixed_k_K060_rho0.005_noise0.01_Kmin20_Kmax200_Kstep10_gmin1e-06_seed000.npz,fixed_k,0.01,60.0,0.005,0.14110971681250026,0.05936656832307712,0.0,1.24309434359784,3.592821457436821e-08,207.30596850034394,0.01121188593448132,600.0,0.0
run_fixed_k_K060_rho0.005_noise0.01_Kmin20_Kmax200_Kstep10_gmin1e-06_seed001.npz,fixed_k,0.01,60.0,0.005,0.13120521338101046,0.05196398914675946,0.0,3.7391676217063736,5.034094317869539e-08,208.76155466607693,0.06000117694500532,600.0,0.0
run_fixed_k_K060_rho0.005_noise0.01_Kmin20_Kmax200_Kstep10_gmin1e-06_seed002.npz,fixed_k,0.01,60.0,0.005,0.12355884922789778,0.05098698052388369,0.0,0.05045836638104009,2.927740374267276e-08,206.78794633509824,0.01780167814423204,600.0,0.0
run_fixed_k_K060_rho0.005_noise0.01_Kmin20_Kmax200_Kstep10_gmin1e-06_seed003.npz,fixed_k,0.01,60.0,0.005,0.14572593540226556,0.056646315802187854,0.0,0.04938050066518511,2.385875578132777e-08,209.40658050016887,0.02448155305040736,600.0,0.0
run_fixed_k_K060_rho0.005_noise0.01_Kmin20_Kmax200_Kstep10_gmin1e-06_seed004.npz,fixed_k,0.01,60.0,0.005,0.2397175088560283,0.08479225026241215,0.0,3.7225957480032736,4.533438103226724e-08,207.38309166704616,0.08280376422247504,600.0,0.0
run_fixed_k_K070_rho0.005_noise0.005_Kmin20_Kmax200_Kstep10_gmin1e-06_seed000.npz,fixed_k,0.005,70.0,0.005,0.07703802126132314,0.0397129252806532,0.0,0.02173805606578498,4.4550795308497556e-08,251.2860548317743,0.034568166057245844,600.0,0.0
run_fixed_k_K070_rho0.005_noise0.005_Kmin20_Kmax200_Kstep10_gmin1e-06_seed001.npz,fixed_k,0.005,70.0,0.005,0.07136125317202821,0.03869705980104906,0.0,0.027722267946371948,6.027401544918905e-08,250.883084499607,0.010179428013233616,600.0,0.0
run_fixed_k_K070_rho0.005_noise0.005_Kmin20_Kmax200_Kstep10_gmin1e-06_seed002.npz,fixed_k,0.005,70.0,0.005,0.0888628829686677,0.04418997589145957,0.0,0.030321000686566187,4.5408122665783684e-08,251.46136983346273,0.02475540487739571,600.0,0.0
run_fixed_k_K070_rho0.005_noise0.005_Kmin20_Kmax200_Kstep10_gmin1e-06_seed003.npz,fixed_k,0.005,70.0,0.005,0.08010699602956424,0.04090827988751596,0.0,0.02490859374743308,4.916596947694025e-08,248.49230783331828,0.028580535435645583,600.0,0.0
run_fixed_k_K070_rho0.005_noise0.005_Kmin20_Kmax200_Kstep10_gmin1e-06_seed004.npz,fixed_k,0.005,70.0,0.005,0.08724647829170776,0.04360857557443424,0.0,0.025109049457919332,7.517432325369575e-08,246.46146716540292,0.04325459895070812,600.0,0.0
run_fixed_k_K070_rho0.005_noise0.01_Kmin20_Kmax200_Kstep10_gmin1e-06_seed000.npz,fixed_k,0.01,70.0,0.005,0.1085096892112059,0.04667044459659278,0.0,0.05024916003232367,4.715391814064693e-08,264.5859621675724,0.027267696404680814,600.0,0.0
run_fixed_k_K070_rho0.005_noise0.01_Kmin20_Kmax200_Kstep10_gmin1e-06_seed001.npz,fixed_k,0.01,70.0,0.005,0.10590188844261768,0.04549736993231496,0.0,0.04755783703851657,7.319356257847788e-08,260.254958999091,0.026954682307314886,600.0,0.0
run_fixed_k_K070_rho0.005_noise0.01_Kmin20_Kmax200_Kstep10_gmin1e-06_seed002.npz,fixed_k,0.01,70.0,0.005,0.13006157538424426,0.054475080424358335,0.0,1.9403821249437685,4.5472251178948034e-08,260.4622596653644,0.04905501210928591,600.0,0.0
run_fixed_k_K070_rho0.005_noise0.01_Kmin20_Kmax200_Kstep10_gmin1e-06_seed003.npz,fixed_k,0.01,70.0,0.005,0.11415299374314129,0.04942791709470488,0.0,0.04949025729156853,4.4181576376386014e-08,273.3866348330048,0.05654427226534087,600.0,0.0
run_fixed_k_K070_rho0.005_noise0.01_Kmin20_Kmax200_Kstep10_gmin1e-06_seed004.npz,fixed_k,0.01,70.0,0.005,0.11522374475859534,0.047016939432933995,0.0,4.955705666812913,6.730637885099904e-08,264.0387508330362,0.025655448892288896,600.0,0.0
run_fixed_k_K080_rho0.005_noise0.005_Kmin20_Kmax200_Kstep10_gmin1e-06_seed000.npz,fixed_k,0.005,80.0,0.005,0.08026558273074764,0.041895194342829026,1.0,0.021111069092541568,5.823451747261144e-08,309.9159520000103,0.015056553310452336,209.0,1.0
run_fixed_k_K080_rho0.005_noise0.005_Kmin20_Kmax200_Kstep10_gmin1e-06_seed001.npz,fixed_k,0.005,80.0,0.005,0.06676448647499192,0.03490003445171713,0.0,0.026410610781228302,7.434186527929005e-08,306.15923816444894,0.0312767487816331,600.0,0.0
run_fixed_k_K080_rho0.005_noise0.005_Kmin20_Kmax200_Kstep10_gmin1e-06_seed002.npz,fixed_k,0.005,80.0,0.005,0.06435746636401425,0.03505732233220969,0.0,0.03049682057878339,5.4163403898183784e-08,306.8937326669887,0.011887692312631499,600.0,0.0
run_fixed_k_K080_rho0.005_noise0.005_Kmin20_Kmax200_Kstep10_gmin1e-06_seed003.npz,fixed_k,0.005,80.0,0.005,0.06976369434647862,0.038175317328871305,1.0,0.024656036578238633,6.335673698019665e-08,303.8321578322211,0.02399787526026784,352.0,1.0
run_fixed_k_K080_rho0.005_noise0.005_Kmin20_Kmax200_Kstep10_gmin1e-06_seed004.npz,fixed_k,0.005,80.0,0.005,0.08000043587140022,0.043305029776766125,0.0,0.025146036779284963,8.708011293296388e-08,303.46697933244286,0.014005094891846995,600.0,0.0
run_fixed_k_K080_rho0.005_noise0.01_Kmin20_Kmax200_Kstep10_gmin1e-06_seed000.npz,fixed_k,0.01,80.0,0.005,0.1165711590552843,0.05187010530817761,0.0,0.17278378071543743,6.045175051764244e-08,321.76137916598236,0.021276046505835755,600.0,0.0
run_fixed_k_K080_rho0.005_noise0.01_Kmin20_Kmax200_Kstep10_gmin1e-06_seed001.npz,fixed_k,0.01,80.0,0.005,0.08699352258530628,0.038997368259020615,0.0,0.04719592829543333,7.831572870650746e-08,329.4060973341887,0.022003231737780956,600.0,0.0
run_fixed_k_K080_rho0.005_noise0.01_Kmin20_Kmax200_Kstep10_gmin1e-06_seed002.npz,fixed_k,0.01,80.0,0.005,0.11080187388324021,0.049742340210668236,0.0,0.050787692109941884,5.558826719252101e-08,340.78864933292306,0.02048210919185471,600.0,0.0
run_fixed_k_K080_rho0.005_noise0.01_Kmin20_Kmax200_Kstep10_gmin1e-06_seed003.npz,fixed_k,0.01,80.0,0.005,0.1119648280502764,0.050404252171197775,0.0,0.05001323634831751,6.1615739732505e-08,342.9005225011497,0.03239659803171939,600.0,0.0
run_fixed_k_K080_rho0.005_noise0.01_Kmin20_Kmax200_Kstep10_gmin1e-06_seed004.npz,fixed_k,0.01,80.0,0.005,0.10198416540782498,0.04846815403881706,0.0,0.047879718280167446,7.533090065559196e-08,341.5843303334744,0.019521739306256787,600.0,0.0
run_fixed_k_K090_rho0.005_noise0.005_Kmin20_Kmax200_Kstep10_gmin1e-06_seed000.npz,fixed_k,0.005,90.0,0.005,0.060530389341821186,0.03308069330895336,0.0,0.021533824296450607,7.69306757036869e-08,357.58925016785116,0.019878717929245678,600.0,0.0
run_fixed_k_K090_rho0.005_noise0.005_Kmin20_Kmax200_Kstep10_gmin1e-06_seed001.npz,fixed_k,0.005,90.0,0.005,0.060480369295183564,0.033732491069521864,0.0,0.027184975287450956,8.602170070640209e-08,359.3801288328056,0.018639959440504537,600.0,0.0
run_fixed_k_K090_rho0.005_noise0.005_Kmin20_Kmax200_Kstep10_gmin1e-06_seed002.npz,fixed_k,0.005,90.0,0.005,0.06414497043699291,0.03489018369945889,0.0,0.030555511520232947,6.587888455875131e-08,355.9321463321491,0.023738406152975504,600.0,0.0
run_fixed_k_K090_rho0.005_noise0.005_Kmin20_Kmax200_Kstep10_gmin1e-06_seed003.npz,fixed_k,0.005,90.0,0.005,0.06411055596293555,0.0356029366881305,1.0,0.024715358509787178,7.100402645285615e-08,354.4394135006587,0.02437748547335267,304.0,1.0
run_fixed_k_K090_rho0.005_noise0.005_Kmin20_Kmax200_Kstep10_gmin1e-06_seed004.npz,fixed_k,0.005,90.0,0.005,0.06362719193251844,0.034455715656121676,1.0,0.02549578526666603,1.053829965159928e-07,356.8066491681384,0.01762943986381072,263.0,1.0
run_fixed_k_K090_rho0.005_noise0.01_Kmin20_Kmax200_Kstep10_gmin1e-06_seed000.npz,fixed_k,0.01,90.0,0.005,0.10139675020420576,0.04640586183192596,0.0,0.050806313192749,6.698140705986199e-08,391.5557733319777,0.019384738508322317,600.0,0.0
run_fixed_k_K090_rho0.005_noise0.01_Kmin20_Kmax200_Kstep10_gmin1e-06_seed001.npz,fixed_k,0.01,90.0,0.005,0.10159530654512036,0.04913528597447984,0.0,0.046843731120777506,9.071275105088185e-08,395.44341066774604,0.013393087570521305,600.0,0.0
run_fixed_k_K090_rho0.005_noise0.01_Kmin20_Kmax200_Kstep10_gmin1e-06_seed002.npz,fixed_k,0.01,90.0,0.005,0.08195883606149106,0.0397407553197151,1.0,0.049775056616629995,6.702079586661618e-08,388.0893031668772,0.009466554663769285,163.0,1.0
run_fixed_k_K090_rho0.005_noise0.01_Kmin20_Kmax200_Kstep10_gmin1e-06_seed003.npz,fixed_k,0.01,90.0,0.005,0.09561790241400533,0.044910635718137915,0.0,0.049516226179373526,6.847365824162618e-08,387.483019833647,0.031309792403802446,600.0,0.0
run_fixed_k_K090_rho0.005_noise0.01_Kmin20_Kmax200_Kstep10_gmin1e-06_seed004.npz,fixed_k,0.01,90.0,0.005,0.08346764120117192,0.041156317251294164,0.0,0.05049032492709024,1.0201823535583067e-07,382.2141206696203,0.0077482133349299235,600.0,0.0
run_fixed_k_K100_rho0.005_noise0.005_Kmin20_Kmax200_Kstep10_gmin1e-06_seed000.npz,fixed_k,0.005,100.0,0.005,0.052591950799891284,0.030914672269923733,1.0,0.024910662206080993,8.347475275138449e-08,414.89239633277367,0.015519350626891044,74.0,1.0
run_fixed_k_K100_rho0.005_noise0.005_Kmin20_Kmax200_Kstep10_gmin1e-06_seed001.npz,fixed_k,0.005,100.0,0.005,0.049302830951662,0.028709878758422167,0.0,0.0273828475016535,9.089618825508824e-08,416.9594181661766,0.024135702914707922,600.0,0.0
run_fixed_k_K100_rho0.005_noise0.005_Kmin20_Kmax200_Kstep10_gmin1e-06_seed002.npz,fixed_k,0.005,100.0,0.005,0.06065998147960532,0.03572992097337643,0.0,0.030269333928117665,7.568490009764184e-08,408.8926613334722,0.03636990449165073,600.0,0.0
run_fixed_k_K100_rho0.005_noise0.005_Kmin20_Kmax200_Kstep10_gmin1e-06_seed003.npz,fixed_k,0.005,100.0,0.005,0.05785830668808103,0.03274126111925083,0.0,0.02294220226336746,7.876489231783275e-08,414.631137001367,0.030981147671075508,600.0,0.0
run_fixed_k_K100_rho0.005_noise0.005_Kmin20_Kmax200_Kstep10_gmin1e-06_seed004.npz,fixed_k,0.005,100.0,0.005,0.06171731101940464,0.036066284525972866,0.0,0.021273120222664615,1.094915349134945e-07,408.5767809996226,0.021335601356469863,600.0,0.0
run_fixed_k_K100_rho0.005_noise0.01_Kmin20_Kmax200_Kstep10_gmin1e-06_seed000.npz,fixed_k,0.01,100.0,0.005,0.0875991591925893,0.04108129329993572,0.0,0.050639219643811365,8.123503084931667e-08,437.11457200047636,0.016823879895948624,600.0,0.0
run_fixed_k_K100_rho0.005_noise0.01_Kmin20_Kmax200_Kstep10_gmin1e-06_seed001.npz,fixed_k,0.01,100.0,0.005,0.07840679566252327,0.03919024038201477,0.0,0.046843203439067116,1.0356159683169386e-07,435.5130004995347,0.014697169573759467,600.0,0.0
run_fixed_k_K100_rho0.005_noise0.01_Kmin20_Kmax200_Kstep10_gmin1e-06_seed002.npz,fixed_k,0.01,100.0,0.005,0.08239173136046175,0.040623580410034645,0.0,0.050210790643137666,7.678073242827457e-08,436.2929898336491,0.029665175007299177,600.0,0.0
run_fixed_k_K100_rho0.005_noise0.01_Kmin20_Kmax200_Kstep10_gmin1e-06_seed003.npz,fixed_k,0.01,100.0,0.005,0.0876176973581459,0.03949789393916023,0.0,0.049143473411643906,7.975117204406342e-08,435.5041299998023,0.028755189187756363,600.0,0.0
run_fixed_k_K100_rho0.005_noise0.01_Kmin20_Kmax200_Kstep10_gmin1e-06_seed004.npz,fixed_k,0.01,100.0,0.005,0.09801860653876902,0.04814272362903686,0.0,0.05038216932187227,1.1356550687990182e-07,431.094668667259,0.041681965145180404,600.0,0.0
run_fixed_k_K110_rho0.005_noise0.005_Kmin20_Kmax200_Kstep10_gmin1e-06_seed000.npz,fixed_k,0.005,110.0,0.005,0.05645272407183038,0.03318721963540795,0.0,0.0201560239045272,1.0182506514848493e-07,464.9727456678132,0.02078596442964196,600.0,0.0
run_fixed_k_K110_rho0.005_noise0.005_Kmin20_Kmax200_Kstep10_gmin1e-06_seed001.npz,fixed_k,0.005,110.0,0.005,0.05380062812920098,0.03316100234879561,1.0,0.02674024943255791,9.725027067094934e-08,465.1175463324762,0.019003667704119598,544.0,1.0
run_fixed_k_K110_rho0.005_noise0.005_Kmin20_Kmax200_Kstep10_gmin1e-06_seed002.npz,fixed_k,0.005,110.0,0.005,0.051613825194591456,0.032350818572344814,0.0,0.024101988866304023,8.809256970784133e-08,469.78364916654147,0.01883794299635003,600.0,0.0
run_fixed_k_K110_rho0.005_noise0.005_Kmin20_Kmax200_Kstep10_gmin1e-06_seed003.npz,fixed_k,0.005,110.0,0.005,0.056694202300774786,0.031441777937417786,0.0,0.0227719530204531,9.385306686744157e-08,473.14156799780903,0.01350478173552432,600.0,0.0
run_fixed_k_K110_rho0.005_noise0.005_Kmin20_Kmax200_Kstep10_gmin1e-06_seed004.npz,fixed_k,0.005,110.0,0.005,0.04848271162124228,0.029822452166666312,1.0,0.025520309763711148,1.1413248734689571e-07,466.1356549996223,0.013434859640686673,252.0,1.0
run_fixed_k_K110_rho0.005_noise0.01_Kmin20_Kmax200_Kstep10_gmin1e-06_seed000.npz,fixed_k,0.01,110.0,0.005,0.08709881394007161,0.04273139325492122,0.0,0.05068027802498595,9.037490744009698e-08,497.5261098323972,0.011377996065516269,600.0,0.0
run_fixed_k_K110_rho0.005_noise0.01_Kmin20_Kmax200_Kstep10_gmin1e-06_seed001.npz,fixed_k,0.01,110.0,0.005,0.07270843818272743,0.036978885388350424,0.0,0.04742252618523201,1.1063495078003499e-07,498.26844500144944,0.01570918072838425,600.0,0.0
run_fixed_k_K110_rho0.005_noise0.01_Kmin20_Kmax200_Kstep10_gmin1e-06_seed002.npz,fixed_k,0.01,110.0,0.005,0.0656852852124939,0.03558540486658175,0.0,0.05035840207209216,8.172631652344822e-08,501.5229008352617,0.028005405933986493,600.0,0.0
run_fixed_k_K110_rho0.005_noise0.01_Kmin20_Kmax200_Kstep10_gmin1e-06_seed003.npz,fixed_k,0.01,110.0,0.005,0.07518943262424836,0.03676665619972829,0.0,0.04580009414563525,9.113340636455196e-08,494.86260716725764,0.012896916438490929,600.0,0.0
run_fixed_k_K110_rho0.005_noise0.01_Kmin20_Kmax200_Kstep10_gmin1e-06_seed004.npz,fixed_k,0.01,110.0,0.005,0.0745331597310163,0.0369278287019191,0.0,0.050082166589259895,1.1711243242508633e-07,496.6356025006583,0.016689804406145734,600.0,0.0
run_fixed_k_K120_rho0.005_noise0.005_Kmin20_Kmax200_Kstep10_gmin1e-06_seed000.npz,fixed_k,0.005,120.0,0.005,0.06486603642645582,0.04089509071612439,0.0,0.020021308281716225,1.1473552553705731e-07,509.88784600039554,0.0187077282335189,600.0,0.0
run_fixed_k_K120_rho0.005_noise0.005_Kmin20_Kmax200_Kstep10_gmin1e-06_seed001.npz,fixed_k,0.005,120.0,0.005,0.05622961821379098,0.03467814710572538,0.0,0.02657647556256321,1.0023082134046004e-07,523.1313593325709,0.030585802394438522,600.0,0.0
run_fixed_k_K120_rho0.005_noise0.005_Kmin20_Kmax200_Kstep10_gmin1e-06_seed002.npz,fixed_k,0.005,120.0,0.005,0.06205021320190238,0.0361593484124201,1.0,0.03028643220386557,9.279651477668595e-08,521.2840631662402,0.012623895705405567,537.0,1.0
run_fixed_k_K120_rho0.005_noise0.005_Kmin20_Kmax200_Kstep10_gmin1e-06_seed003.npz,fixed_k,0.005,120.0,0.005,0.05525056355854943,0.03481847942851458,0.0,0.024470501163929202,1.0180505859136999e-07,535.9553643330582,0.019405662957228655,600.0,0.0
run_fixed_k_K120_rho0.005_noise0.005_Kmin20_Kmax200_Kstep10_gmin1e-06_seed004.npz,fixed_k,0.005,120.0,0.005,0.049771289314736816,0.03021103248560708,0.0,0.02539464986293579,1.193913867148604e-07,531.5689393343442,0.015122610625809899,600.0,0.0
run_fixed_k_K120_rho0.005_noise0.01_Kmin20_Kmax200_Kstep10_gmin1e-06_seed000.npz,fixed_k,0.01,120.0,0.005,0.09216044700989787,0.04800255260930822,0.0,0.06607426987802349,1.0083488700937402e-07,560.0153583327968,0.02720903639878114,600.0,0.0
run_fixed_k_K120_rho0.005_noise0.01_Kmin20_Kmax200_Kstep10_gmin1e-06_seed001.npz,fixed_k,0.01,120.0,0.005,0.07327156932393578,0.03674740466677637,1.0,0.04713243200488495,1.1273266852917198e-07,561.2389055004072,0.008885229400517378,559.0,1.0
run_fixed_k_K120_rho0.005_noise0.01_Kmin20_Kmax200_Kstep10_gmin1e-06_seed002.npz,fixed_k,0.01,120.0,0.005,0.08546869834216599,0.044819576112077306,0.0,0.04911301002852061,9.803107455959867e-08,562.3649306666144,0.009857820766045761,600.0,0.0
run_fixed_k_K120_rho0.005_noise0.01_Kmin20_Kmax200_Kstep10_gmin1e-06_seed003.npz,fixed_k,0.01,120.0,0.005,0.07422284110467989,0.03988004813709211,0.0,0.04952185813210597,9.708369366775536e-08,560.4141886660364,0.013437545099929157,600.0,0.0
run_fixed_k_K120_rho0.005_noise0.01_Kmin20_Kmax200_Kstep10_gmin1e-06_seed004.npz,fixed_k,0.01,120.0,0.005,0.0709329305521873,0.03592551355146739,1.0,0.050701732246040784,1.2227597484123867e-07,562.1706690010615,0.01346713239392253,35.0,1.0
run_fixed_k_K130_rho0.005_noise0.005_Kmin20_Kmax200_Kstep10_gmin1e-06_seed000.npz,fixed_k,0.005,130.0,0.005,0.0647794173498658,0.0390067616538307,1.0,0.020989128148294872,1.234751131485315e-07,587.088245000729,0.003366605998789132,226.0,1.0
run_fixed_k_K130_rho0.005_noise0.005_Kmin20_Kmax200_Kstep10_gmin1e-06_seed001.npz,fixed_k,0.005,130.0,0.005,0.049346750391066334,0.030853951309641085,1.0,0.024010745828633197,1.0667987091241045e-07,596.9014531677627,0.011555602480764829,391.0,1.0
run_fixed_k_K130_rho0.005_noise0.005_Kmin20_Kmax200_Kstep10_gmin1e-06_seed002.npz,fixed_k,0.005,130.0,0.005,0.050985893430560605,0.03242003352168451,1.0,0.03055754723098134,1.0456893505294521e-07,594.4253171674791,0.008197129712257615,189.0,1.0
run_fixed_k_K130_rho0.005_noise0.005_Kmin20_Kmax200_Kstep10_gmin1e-06_seed003.npz,fixed_k,0.005,130.0,0.005,0.049178077677295345,0.03111465299902043,1.0,0.022971142070071067,1.0467229919899967e-07,596.4273131650407,0.027523223762708604,54.0,1.0
run_fixed_k_K130_rho0.005_noise0.005_Kmin20_Kmax200_Kstep10_gmin1e-06_seed004.npz,fixed_k,0.005,130.0,0.005,0.049656095783751006,0.030762052730249696,1.0,0.02273500415569034,1.233184925350261e-07,583.6413608325529,0.007102426924313833,54.0,1.0
run_fixed_k_K130_rho0.005_noise0.01_Kmin20_Kmax200_Kstep10_gmin1e-06_seed000.npz,fixed_k,0.01,130.0,0.005,0.07916937892851789,0.039286573685090316,0.0,0.04910173610046811,1.0762644110022084e-07,626.1675758335817,0.019640667977806617,600.0,0.0
run_fixed_k_K130_rho0.005_noise0.01_Kmin20_Kmax200_Kstep10_gmin1e-06_seed001.npz,fixed_k,0.01,130.0,0.005,0.059942579187772134,0.03129165687442069,0.0,0.0471403167737439,1.4186202453412454e-07,631.6132911650735,0.014420805749644772,600.0,0.0
run_fixed_k_K130_rho0.005_noise0.01_Kmin20_Kmax200_Kstep10_gmin1e-06_seed002.npz,fixed_k,0.01,130.0,0.005,0.07772102131624077,0.04064094973062063,0.0,0.049781284405784276,1.0151490684983458e-07,615.1004161677944,0.023936492921612505,600.0,0.0
run_fixed_k_K130_rho0.005_noise0.01_Kmin20_Kmax200_Kstep10_gmin1e-06_seed003.npz,fixed_k,0.01,130.0,0.005,0.06253209941935162,0.031990687466986474,0.0,0.04976958437534283,1.025716365716145e-07,617.4343718333208,0.024215833045505702,600.0,0.0
run_fixed_k_K130_rho0.005_noise0.01_Kmin20_Kmax200_Kstep10_gmin1e-06_seed004.npz,fixed_k,0.01,130.0,0.005,0.07582411521778461,0.036452252403043624,0.0,0.050397713395993096,1.3070807989202387e-07,608.9247758320804,0.01870973400819328,600.0,0.0
run_fixed_k_K140_rho0.005_noise0.005_Kmin20_Kmax200_Kstep10_gmin1e-06_seed000.npz,fixed_k,0.005,140.0,0.005,0.04712721072190813,0.028507516848045183,0.0,0.019910997730587673,1.2733636230553176e-07,659.0582623349231,0.010183465139727902,600.0,0.0
run_fixed_k_K140_rho0.005_noise0.005_Kmin20_Kmax200_Kstep10_gmin1e-06_seed001.npz,fixed_k,0.005,140.0,0.005,0.04494169638673047,0.028474111682768994,1.0,0.02582642572746292,1.2298721083284073e-07,661.041634332311,0.016216138673810453,83.0,1.0
run_fixed_k_K140_rho0.005_noise0.005_Kmin20_Kmax200_Kstep10_gmin1e-06_seed002.npz,fixed_k,0.005,140.0,0.005,0.05113461550169999,0.03175143962457444,1.0,0.03035989962760672,1.1309892990855154e-07,655.2730849992562,0.03086278693046039,467.0,1.0
run_fixed_k_K140_rho0.005_noise0.005_Kmin20_Kmax200_Kstep10_gmin1e-06_seed003.npz,fixed_k,0.005,140.0,0.005,0.04733059942869788,0.029114360097237366,0.0,0.023053035336104893,1.0887742286970569e-07,665.8425853338364,0.017527493038953002,600.0,0.0
run_fixed_k_K140_rho0.005_noise0.005_Kmin20_Kmax200_Kstep10_gmin1e-06_seed004.npz,fixed_k,0.005,140.0,0.005,0.0457127237673828,0.029861994503128764,1.0,0.025278398564386968,1.3401176189916439e-07,654.1723908313239,0.0061147309256134545,563.0,1.0
run_fixed_k_K140_rho0.005_noise0.01_Kmin20_Kmax200_Kstep10_gmin1e-06_seed000.npz,fixed_k,0.01,140.0,0.005,0.07804250838212366,0.03948642919201577,0.0,0.05055149850922209,1.0994369230547538e-07,678.3509278324588,0.008355157237835979,600.0,0.0
run_fixed_k_K140_rho0.005_noise0.01_Kmin20_Kmax200_Kstep10_gmin1e-06_seed001.npz,fixed_k,0.01,140.0,0.005,0.07231543884892304,0.03501478358843119,0.0,0.04668293460470958,1.7304831388781875e-07,678.4887449996313,0.01931741877868481,600.0,0.0
run_fixed_k_K140_rho0.005_noise0.01_Kmin20_Kmax200_Kstep10_gmin1e-06_seed002.npz,fixed_k,0.01,140.0,0.005,0.0626973810581555,0.03327115034986133,1.0,0.0505082849741942,1.1253979723909545e-07,684.4975890013544,0.03041888666171962,287.0,1.0
run_fixed_k_K140_rho0.005_noise0.01_Kmin20_Kmax200_Kstep10_gmin1e-06_seed003.npz,fixed_k,0.01,140.0,0.005,0.07042781613940136,0.03817978971158521,1.0,0.04977718636577838,1.1188983999127259e-07,688.5231789991182,0.04910001487630205,440.0,1.0
run_fixed_k_K140_rho0.005_noise0.01_Kmin20_Kmax200_Kstep10_gmin1e-06_seed004.npz,fixed_k,0.01,140.0,0.005,0.06814745175205392,0.03501457224473654,0.0,0.04607131840462586,1.5975342100796696e-07,687.6408823328287,0.012998010233417822,600.0,0.0
run_fixed_k_K150_rho0.005_noise0.005_Kmin20_Kmax200_Kstep10_gmin1e-06_seed000.npz,fixed_k,0.005,150.0,0.005,0.04755334726970917,0.0309196161145906,1.0,0.020348110400131694,1.3208067559398883e-07,715.8602011657786,0.011029680045729023,438.0,1.0
run_fixed_k_K150_rho0.005_noise0.005_Kmin20_Kmax200_Kstep10_gmin1e-06_seed001.npz,fixed_k,0.005,150.0,0.005,0.04615287301242323,0.029842663580661597,1.0,0.02366285978424186,1.764221479817207e-07,729.045191166127,0.007189614394201222,205.0,1.0
run_fixed_k_K150_rho0.005_noise0.005_Kmin20_Kmax200_Kstep10_gmin1e-06_seed002.npz,fixed_k,0.005,150.0,0.005,0.047056502076374844,0.03102494734506599,0.0,0.023728763230612404,1.2295413738962385e-07,723.5242886684136,0.011106207699485234,600.0,0.0
run_fixed_k_K150_rho0.005_noise0.005_Kmin20_Kmax200_Kstep10_gmin1e-06_seed003.npz,fixed_k,0.005,150.0,0.005,0.04852050801567066,0.03177840897090516,1.0,0.025200372695399327,1.1653046044723128e-07,729.2980088332357,0.011361141723945608,357.0,1.0
run_fixed_k_K150_rho0.005_noise0.005_Kmin20_Kmax200_Kstep10_gmin1e-06_seed004.npz,fixed_k,0.005,150.0,0.005,0.04480798816826871,0.028414485190675704,1.0,0.021479216851540393,1.4352481451676305e-07,725.5050093340105,0.005953937166219133,53.0,1.0
run_fixed_k_K150_rho0.005_noise0.01_Kmin20_Kmax200_Kstep10_gmin1e-06_seed000.npz,fixed_k,0.01,150.0,0.005,0.07343666113187983,0.04016606768356463,0.0,0.04200789499037349,1.270414840214348e-07,740.6039518330363,0.06867016520242739,600.0,0.0
run_fixed_k_K150_rho0.005_noise0.01_Kmin20_Kmax200_Kstep10_gmin1e-06_seed001.npz,fixed_k,0.01,150.0,0.005,0.0715076822603052,0.03801556000907739,0.0,0.05374981679359109,1.8051285262666445e-07,741.1533780010844,0.017701497233079035,600.0,0.0
run_fixed_k_K150_rho0.005_noise0.01_Kmin20_Kmax200_Kstep10_gmin1e-06_seed002.npz,fixed_k,0.01,150.0,0.005,0.06734363199747098,0.03589060046214207,0.0,0.050223284856439725,1.1724234623154135e-07,753.4743681686814,0.008763559918110711,600.0,0.0
run_fixed_k_K150_rho0.005_noise0.01_Kmin20_Kmax200_Kstep10_gmin1e-06_seed003.npz,fixed_k,0.01,150.0,0.005,0.07562991614569496,0.03940836711151477,0.0,0.049422310551557644,1.2137409550751836e-07,742.8863708326631,0.0215211611084376,600.0,0.0
run_fixed_k_K150_rho0.005_noise0.01_Kmin20_Kmax200_Kstep10_gmin1e-06_seed004.npz,fixed_k,0.01,150.0,0.005,0.06701919078265428,0.035054351830966494,0.0,0.04970734622442725,1.6344613515874997e-07,748.9778438331754,0.011669037160422372,600.0,0.0
run_fixed_k_K160_rho0.005_noise0.005_Kmin20_Kmax200_Kstep10_gmin1e-06_seed000.npz,fixed_k,0.005,160.0,0.005,0.049058684410773344,0.030484789632607014,1.0,0.019536975960963578,1.383181135929251e-07,790.8936803345568,0.01049983061203133,572.0,1.0
run_fixed_k_K160_rho0.005_noise0.005_Kmin20_Kmax200_Kstep10_gmin1e-06_seed001.npz,fixed_k,0.005,160.0,0.005,0.04730511275041985,0.02907819664293208,1.0,0.024445638790530744,1.912042400101771e-07,793.3603003338794,0.013546350324322895,135.0,1.0
run_fixed_k_K160_rho0.005_noise0.005_Kmin20_Kmax200_Kstep10_gmin1e-06_seed002.npz,fixed_k,0.005,160.0,0.005,0.05111420871973647,0.03263088226020174,1.0,0.02355099317949997,1.3012671026035796e-07,780.3462946654569,0.01072261950978393,82.0,1.0
run_fixed_k_K160_rho0.005_noise0.005_Kmin20_Kmax200_Kstep10_gmin1e-06_seed003.npz,fixed_k,0.005,160.0,0.005,0.04707228693480208,0.029756141847994542,1.0,0.025156383670597318,1.2367589061459816e-07,797.9773266676542,0.006990971419816682,404.0,1.0
run_fixed_k_K160_rho0.005_noise0.005_Kmin20_Kmax200_Kstep10_gmin1e-06_seed004.npz,fixed_k,0.005,160.0,0.005,0.0448171892507716,0.02807502274745936,1.0,0.026133989640526618,1.469654725143592e-07,787.894174833103,0.00812908542167048,273.0,1.0
run_fixed_k_K160_rho0.005_noise0.01_Kmin20_Kmax200_Kstep10_gmin1e-06_seed000.npz,fixed_k,0.01,160.0,0.005,0.06267600384202525,0.03338211582335862,0.0,2.8493048310659637,1.3043268948129598e-07,826.4118476650523,0.018123111638364196,600.0,0.0
run_fixed_k_K160_rho0.005_noise0.01_Kmin20_Kmax200_Kstep10_gmin1e-06_seed001.npz,fixed_k,0.01,160.0,0.005,0.06527010029514087,0.034941077866851473,0.0,0.04711394183992937,1.8497182038624163e-07,823.4241759994378,0.021800712285972197,600.0,0.0
run_fixed_k_K160_rho0.005_noise0.01_Kmin20_Kmax200_Kstep10_gmin1e-06_seed002.npz,fixed_k,0.01,160.0,0.005,0.07619708643888576,0.03980177044882503,0.0,0.04952511474405706,1.2819519391760932e-07,825.1450024998243,0.040369528171418825,600.0,0.0
run_fixed_k_K160_rho0.005_noise0.01_Kmin20_Kmax200_Kstep10_gmin1e-06_seed003.npz,fixed_k,0.01,160.0,0.005,0.07032750471809851,0.03626547317131752,0.0,0.050110180395345275,1.3387393825284038e-07,820.0952308327154,0.025322240506651376,600.0,0.0
run_fixed_k_K160_rho0.005_noise0.01_Kmin20_Kmax200_Kstep10_gmin1e-06_seed004.npz,fixed_k,0.01,160.0,0.005,0.08902099481841702,0.045806447861123395,0.0,0.046506261887074726,1.702515031170644e-07,817.3921393336301,0.05187279713014291,600.0,0.0
run_fixed_k_K170_rho0.005_noise0.005_Kmin20_Kmax200_Kstep10_gmin1e-06_seed000.npz,fixed_k,0.005,170.0,0.005,0.05411688229498309,0.03392175807392722,0.0,0.018886786429622486,1.413550233356534e-07,858.9093433327313,0.012181038429470211,600.0,0.0
run_fixed_k_K170_rho0.005_noise0.005_Kmin20_Kmax200_Kstep10_gmin1e-06_seed001.npz,fixed_k,0.005,170.0,0.005,0.0491270554430958,0.031862592715217825,0.0,0.023871531317186407,1.9316224863927463e-07,867.1839711655048,0.027307147475542005,600.0,0.0
run_fixed_k_K170_rho0.005_noise0.005_Kmin20_Kmax200_Kstep10_gmin1e-06_seed002.npz,fixed_k,0.005,170.0,0.005,0.049015595090934144,0.031003969489424535,1.0,0.023470358442867163,1.4968456844593903e-07,868.7980004991792,0.01764410373376462,192.0,1.0
run_fixed_k_K170_rho0.005_noise0.005_Kmin20_Kmax200_Kstep10_gmin1e-06_seed003.npz,fixed_k,0.005,170.0,0.005,0.04554658338855888,0.028976177753150298,1.0,0.024803206385161633,1.413542735676318e-07,860.8935825004786,0.010796551959623937,539.0,1.0
run_fixed_k_K170_rho0.005_noise0.005_Kmin20_Kmax200_Kstep10_gmin1e-06_seed004.npz,fixed_k,0.005,170.0,0.005,0.04648628492812048,0.028983990535754622,1.0,0.09173000721484326,1.4986679941342994e-07,873.3831568335881,0.014575341957615234,383.0,1.0
run_fixed_k_K170_rho0.005_noise0.01_Kmin20_Kmax200_Kstep10_gmin1e-06_seed000.npz,fixed_k,0.01,170.0,0.005,0.06885191093313613,0.03687531625209886,0.0,0.05204462299024122,1.3587835297568934e-07,908.323777000478,0.0327549323728726,600.0,0.0
run_fixed_k_K170_rho0.005_noise0.01_Kmin20_Kmax200_Kstep10_gmin1e-06_seed001.npz,fixed_k,0.01,170.0,0.005,0.06825985048108715,0.03665697520545761,1.0,0.04599109524357257,2.4469907763367827e-07,894.3078284997804,0.03063524909957942,513.0,1.0
run_fixed_k_K170_rho0.005_noise0.01_Kmin20_Kmax200_Kstep10_gmin1e-06_seed002.npz,fixed_k,0.01,170.0,0.005,0.07170725213955852,0.036361124336496124,0.0,0.049832706478833574,1.3554810438470116e-07,911.5797759995136,0.032063659764799704,600.0,0.0
run_fixed_k_K170_rho0.005_noise0.01_Kmin20_Kmax200_Kstep10_gmin1e-06_seed003.npz,fixed_k,0.01,170.0,0.005,0.06748597098924869,0.035625774252147586,1.0,0.04932894960462772,1.4215265767375564e-07,897.563054166676,0.015676913418460052,261.0,1.0
run_fixed_k_K170_rho0.005_noise0.01_Kmin20_Kmax200_Kstep10_gmin1e-06_seed004.npz,fixed_k,0.01,170.0,0.005,0.06510080184122907,0.03406004587152178,1.0,0.04743322413948174,1.7812923055482808e-07,899.983092166658,0.053164795675904195,460.0,1.0
run_fixed_k_K180_rho0.005_noise0.005_Kmin20_Kmax200_Kstep10_gmin1e-06_seed000.npz,fixed_k,0.005,180.0,0.005,0.04728298626414454,0.029456229728288062,0.0,0.019322341657095142,1.5637308195061883e-07,929.4637165003223,0.015317368621734129,600.0,0.0
run_fixed_k_K180_rho0.005_noise0.005_Kmin20_Kmax200_Kstep10_gmin1e-06_seed001.npz,fixed_k,0.005,180.0,0.005,0.04483393780587006,0.029515736775849004,1.0,0.0233101185667786,2.4619515913684975e-07,939.186801831238,0.022263555926383925,245.0,1.0
run_fixed_k_K180_rho0.005_noise0.005_Kmin20_Kmax200_Kstep10_gmin1e-06_seed002.npz,fixed_k,0.005,180.0,0.005,0.04893985870300134,0.03123649841138518,0.0,0.030846319791940233,1.5146089626656532e-07,933.2012576669998,0.01721704281871554,600.0,0.0
run_fixed_k_K180_rho0.005_noise0.005_Kmin20_Kmax200_Kstep10_gmin1e-06_seed003.npz,fixed_k,0.005,180.0,0.005,0.04450910845947699,0.028251363935792844,1.0,0.025443519914134204,1.514133573996482e-07,952.8458126673164,0.008375867349630408,239.0,1.0
run_fixed_k_K180_rho0.005_noise0.005_Kmin20_Kmax200_Kstep10_gmin1e-06_seed004.npz,fixed_k,0.005,180.0,0.005,0.04421938350654996,0.029557988381276115,1.0,0.021765433498878106,1.5162997892639897e-07,922.6120491668311,0.014436954171329886,53.0,1.0
run_fixed_k_K180_rho0.005_noise0.01_Kmin20_Kmax200_Kstep10_gmin1e-06_seed000.npz,fixed_k,0.01,180.0,0.005,0.08230333150735583,0.042940336911636616,0.0,0.051837250234789536,1.3879421423030876e-07,977.7416935007204,0.042373845126373946,600.0,0.0
run_fixed_k_K180_rho0.005_noise0.01_Kmin20_Kmax200_Kstep10_gmin1e-06_seed001.npz,fixed_k,0.01,180.0,0.005,0.06635643742745229,0.035524952434210576,0.0,0.045376761844030784,2.6011145882523e-07,976.2413888342174,0.01645131568316586,600.0,0.0
run_fixed_k_K180_rho0.005_noise0.01_Kmin20_Kmax200_Kstep10_gmin1e-06_seed002.npz,fixed_k,0.01,180.0,0.005,0.0673655694917988,0.03649713505417228,0.0,0.04979664792220986,1.3787488378227475e-07,990.367823834143,0.016023422449532414,600.0,0.0
run_fixed_k_K180_rho0.005_noise0.01_Kmin20_Kmax200_Kstep10_gmin1e-06_seed003.npz,fixed_k,0.01,180.0,0.005,0.06812243736154615,0.036735429923380476,0.0,0.05046614152934818,1.5408588971022182e-07,969.0372303332939,0.012336540007161419,600.0,0.0
run_fixed_k_K180_rho0.005_noise0.01_Kmin20_Kmax200_Kstep10_gmin1e-06_seed004.npz,fixed_k,0.01,180.0,0.005,0.0635764645956205,0.03413232792114692,1.0,0.04969012201791945,1.8637724009103635e-07,979.770361999496,0.013621733459236262,461.0,1.0
run_fixed_k_K190_rho0.005_noise0.005_Kmin20_Kmax200_Kstep10_gmin1e-06_seed000.npz,fixed_k,0.005,190.0,0.005,0.0456878307216367,0.030257075859976685,1.0,0.01991971257870711,1.6558990009915884e-07,1001.6707829998146,0.012614976827402305,87.0,1.0
run_fixed_k_K190_rho0.005_noise0.005_Kmin20_Kmax200_Kstep10_gmin1e-06_seed001.npz,fixed_k,0.005,190.0,0.005,0.04694433299048998,0.031050563557370885,1.0,0.024353158616502883,2.593471516833224e-07,1021.5839086663133,0.025264295583539532,91.0,1.0
run_fixed_k_K190_rho0.005_noise0.005_Kmin20_Kmax200_Kstep10_gmin1e-06_seed002.npz,fixed_k,0.005,190.0,0.005,0.051183775492753304,0.032012869253580135,1.0,0.023817773129420038,1.5502266333598008e-07,997.7388918328021,0.009097125351792194,366.0,1.0
run_fixed_k_K190_rho0.005_noise0.005_Kmin20_Kmax200_Kstep10_gmin1e-06_seed003.npz,fixed_k,0.005,190.0,0.005,0.05435824163781203,0.0347581428291204,1.0,0.025136389604389027,1.6357441276510304e-07,991.1484576657919,0.012258776211926708,199.0,1.0
run_fixed_k_K190_rho0.005_noise0.005_Kmin20_Kmax200_Kstep10_gmin1e-06_seed004.npz,fixed_k,0.005,190.0,0.005,0.0464594266534905,0.03074686441850689,1.0,0.019991349595069076,1.5542377654934977e-07,989.9817691652182,0.022287829800080115,176.0,1.0
run_fixed_k_K190_rho0.005_noise0.01_Kmin20_Kmax200_Kstep10_gmin1e-06_seed000.npz,fixed_k,0.01,190.0,0.005,0.07198601951478018,0.03830758284872329,0.0,0.04306287109919934,1.5121709250931404e-07,1061.0768935000913,0.01594430060170678,600.0,0.0
run_fixed_k_K190_rho0.005_noise0.01_Kmin20_Kmax200_Kstep10_gmin1e-06_seed001.npz,fixed_k,0.01,190.0,0.005,0.06915161823957452,0.03630969436597065,0.0,0.04720570507534701,2.930493098718792e-07,1065.8648554990457,0.011805808646192267,600.0,0.0
run_fixed_k_K190_rho0.005_noise0.01_Kmin20_Kmax200_Kstep10_gmin1e-06_seed002.npz,fixed_k,0.01,190.0,0.005,0.05889391080619857,0.030927512495326867,0.0,0.04973729543161972,1.455246761233608e-07,1063.7846321686327,0.02181100355632909,600.0,0.0
run_fixed_k_K190_rho0.005_noise0.01_Kmin20_Kmax200_Kstep10_gmin1e-06_seed003.npz,fixed_k,0.01,190.0,0.005,0.06966744870815432,0.037512138208503715,0.0,0.04993380242816458,1.601541173000152e-07,1047.466730666153,0.016832684826287945,600.0,0.0
run_fixed_k_K190_rho0.005_noise0.01_Kmin20_Kmax200_Kstep10_gmin1e-06_seed004.npz,fixed_k,0.01,190.0,0.005,0.06942238131463487,0.036040814194584214,0.0,0.05020455871293792,1.902750537755954e-07,1052.1734000013869,0.027063335251379696,600.0,0.0
run_fixed_k_K200_rho0.005_noise0.005_Kmin20_Kmax200_Kstep10_gmin1e-06_seed000.npz,fixed_k,0.005,200.0,0.005,0.04364713956097797,0.027828724365683503,1.0,0.034786908149447314,1.7154105014817085e-07,1100.4636341667112,0.01497380592656943,493.0,1.0
run_fixed_k_K200_rho0.005_noise0.005_Kmin20_Kmax200_Kstep10_gmin1e-06_seed001.npz,fixed_k,0.005,200.0,0.005,0.0505496974252227,0.0313525008207549,0.0,0.01986865043349839,2.630857068115694e-07,1067.7253089983908,0.02973624669550624,600.0,0.0
run_fixed_k_K200_rho0.005_noise0.005_Kmin20_Kmax200_Kstep10_gmin1e-06_seed002.npz,fixed_k,0.005,200.0,0.005,0.05257202145530735,0.033174869539416986,1.0,0.021717187410667027,1.5848014219331683e-07,1085.2402174986007,0.031933263990310205,281.0,1.0
run_fixed_k_K200_rho0.005_noise0.005_Kmin20_Kmax200_Kstep10_gmin1e-06_seed003.npz,fixed_k,0.005,200.0,0.005,0.04635923473299191,0.029182887762502264,1.0,0.024823475227880462,1.653171878925852e-07,1097.8278279984563,0.010458557138541434,214.0,1.0
run_fixed_k_K200_rho0.005_noise0.005_Kmin20_Kmax200_Kstep10_gmin1e-06_seed004.npz,fixed_k,0.005,200.0,0.005,0.04401058515533695,0.02867676078889683,1.0,0.025909927678778,1.5843955182861077e-07,1077.1475281669216,0.008700609047946376,243.0,1.0
run_fixed_k_K200_rho0.005_noise0.01_Kmin20_Kmax200_Kstep10_gmin1e-06_seed000.npz,fixed_k,0.01,200.0,0.005,0.06601661982077152,0.03485378745154015,1.0,0.05160293338379469,1.7275664706479705e-07,1144.7005983328563,0.033788848822712644,116.0,1.0
run_fixed_k_K200_rho0.005_noise0.01_Kmin20_Kmax200_Kstep10_gmin1e-06_seed001.npz,fixed_k,0.01,200.0,0.005,0.0722445728641007,0.04056779942100796,0.0,0.04411355679270551,2.95905400935906e-07,1118.940006500634,0.029202258577851182,600.0,0.0
run_fixed_k_K200_rho0.005_noise0.01_Kmin20_Kmax200_Kstep10_gmin1e-06_seed002.npz,fixed_k,0.01,200.0,0.005,0.0655884258592597,0.03624096831479551,0.0,0.05001065200952916,1.565652589329336e-07,1137.29426083349,0.02529554292750994,600.0,0.0
run_fixed_k_K200_rho0.005_noise0.01_Kmin20_Kmax200_Kstep10_gmin1e-06_seed003.npz,fixed_k,0.01,200.0,0.005,0.0774411003114219,0.0396121732054457,0.0,0.05013317219292704,1.6433583696624459e-07,1148.4790089997114,0.01148625651366272,600.0,0.0
run_fixed_k_K200_rho0.005_noise0.01_Kmin20_Kmax200_Kstep10_gmin1e-06_seed004.npz,fixed_k,0.01,200.0,0.005,0.0585397169092562,0.031793464331698565,0.0,0.049920602042678744,1.9444101663195415e-07,1172.7740366671544,0.012629622252681416,600.0,0.0
