sigma_bar,sigma_mk_min_median,sigma_mk_min_p10,sigma_mk_min_p90,sigma_mk_min_min,sigma_mk_min_max,cost_median,cost_p10,cost_p90,cost_min,cost_max,solve_mean_median,solve_mean_p10,solve_mean_p90,solve_mean_min,solve_mean_max,K_opt_mean_median,K_opt_mean_p10,K_opt_mean_p90,K_opt_mean_min,K_opt_mean_max,rmse_median,rmse_p10,rmse_p90,rmse_min,rmse_max,ISE_median,ISE_p10,ISE_p90,ISE_min,ISE_max,IAE_median,IAE_p10,IAE_p90,IAE_min,IAE_max,slack_max_median,slack_max_p10,slack_max_p90,slack_max_min,slack_max_max,solver_opt_rate_median,solver_opt_rate_p10,solver_opt_rate_p90,solver_opt_rate_min,solver_opt_rate_max,group
0.1,0.1485665916425846,0.1485665916425846,0.1485665916425846,0.1485665916425846,0.1485665916425846,0.19429106352287392,0.19429106352287392,0.19429106352287392,0.19429106352287392,0.19429106352287392,117.51747211441398,117.51747211441398,117.51747211441398,117.51747211441398,117.51747211441398,19.765,19.765,19.765,19.765,19.765,0.13322271325993668,0.13322271325993668,0.13322271325993668,0.13322271325993668,0.13322271325993668,2.498043197272375e-05,2.498043197272375e-05,2.498043197272375e-05,2.498043197272375e-05,2.498043197272375e-05,3.2157778411822166e-05,3.2157778411822166e-05,3.2157778411822166e-05,3.2157778411822166e-05,3.2157778411822166e-05,8.031607407792523,8.031607407792523,8.031607407792523,8.031607407792523,8.031607407792523,0.72,0.72,0.72,0.72,0.72,N_loc=200
0.2,0.2011773443172554,0.2011773443172554,0.2011773443172554,0.2011773443172554,0.2011773443172554,0.2861781556708072,0.2861781556708072,0.2861781556708072,0.2861781556708072,0.2861781556708072,512.4431961262599,512.4431961262599,512.4431961262599,512.4431961262599,512.4431961262599,81.2,81.2,81.2,81.2,81.2,0.1891355832449142,0.1891355832449142,0.1891355832449142,0.1891355832449142,0.1891355832449142,3.7827114249915866e-05,3.7827114249915866e-05,3.7827114249915866e-05,3.7827114249915866e-05,3.7827114249915866e-05,5.1166495495087036e-05,5.1166495495087036e-05,5.1166495495087036e-05,5.1166495495087036e-05,5.1166495495087036e-05,0.00025976343783392774,0.00025976343783392774,0.00025976343783392774,0.00025976343783392774,0.00025976343783392774,0.0,0.0,0.0,0.0,0.0,N_loc=200
0.30000000000000004,0.17152737470413432,0.17152737470413432,0.17152737470413432,0.17152737470413432,0.17152737470413432,0.2861781556708072,0.2861781556708072,0.2861781556708072,0.2861781556708072,0.2861781556708072,753.07642377913,753.07642377913,753.07642377913,753.07642377913,753.07642377913,106.28,106.28,106.28,106.28,106.28,0.1891355832449142,0.1891355832449142,0.1891355832449142,0.1891355832449142,0.1891355832449142,3.7827114249915866e-05,3.7827114249915866e-05,3.7827114249915866e-05,3.7827114249915866e-05,3.7827114249915866e-05,5.1166495495087036e-05,5.1166495495087036e-05,5.1166495495087036e-05,5.1166495495087036e-05,5.1166495495087036e-05,0.00013144056707015768,0.00013144056707015768,0.00013144056707015768,0.00013144056707015768,0.00013144056707015768,0.0,0.0,0.0,0.0,0.0,N_loc=200
0.4,0.24259836117636377,0.24259836117636377,0.24259836117636377,0.24259836117636377,0.24259836117636377,0.2861781556708072,0.2861781556708072,0.2861781556708072,0.2861781556708072,0.2861781556708072,1364.533635303378,1364.533635303378,1364.533635303378,1364.533635303378,1364.533635303378,161.14,161.14,161.14,161.14,161.14,0.1891355832449142,0.1891355832449142,0.1891355832449142,0.1891355832449142,0.1891355832449142,3.7827114249915866e-05,3.7827114249915866e-05,3.7827114249915866e-05,3.7827114249915866e-05,3.7827114249915866e-05,5.1166495495087036e-05,5.1166495495087036e-05,5.1166495495087036e-05,5.1166495495087036e-05,5.1166495495087036e-05,0.00015979967628185595,0.00015979967628185595,0.00015979967628185595,0.00015979967628185595,0.00015979967628185595,0.0,0.0,0.0,0.0,0.0,N_loc=200
0.5,0.16321904021764663,0.16321904021764663,0.16321904021764663,0.16321904021764663,0.16321904021764663,0.2861781556708072,0.2861781556708072,0.2861781556708072,0.2861781556708072,0.2861781556708072,1262.5223064888269,1262.5223064888269,1262.5223064888269,1262.5223064888269,1262.5223064888269,163.605,163.605,163.605,163.605,163.605,0.1891355832449142,0.1891355832449142,0.1891355832449142,0.1891355832449142,0.1891355832449142,3.7827114249915866e-05,3.7827114249915866e-05,3.7827114249915866e-05,3.7827114249915866e-05,3.7827114249915866e-05,5.1166495495087036e-05,5.1166495495087036e-05,5.1166495495087036e-05,5.1166495495087036e-05,5.1166495495087036e-05,0.0003072227936634908,0.0003072227936634908,0.0003072227936634908,0.0003072227936634908,0.0003072227936634908,0.0,0.0,0.0,0.0,0.0,N_loc=200
0.6,0.16321904021764663,0.16321904021764663,0.16321904021764663,0.16321904021764663,0.16321904021764663,0.2861781556708072,0.2861781556708072,0.2861781556708072,0.2861781556708072,0.2861781556708072,1270.0974356941879,1270.0974356941879,1270.0974356941879,1270.0974356941879,1270.0974356941879,163.605,163.605,163.605,163.605,163.605,0.1891355832449142,0.1891355832449142,0.1891355832449142,0.1891355832449142,0.1891355832449142,3.7827114249915866e-05,3.7827114249915866e-05,3.7827114249915866e-05,3.7827114249915866e-05,3.7827114249915866e-05,5.1166495495087036e-05,5.1166495495087036e-05,5.1166495495087036e-05,5.1166495495087036e-05,5.1166495495087036e-05,0.0003072227936634908,0.0003072227936634908,0.0003072227936634908,0.0003072227936634908,0.0003072227936634908,0.0,0.0,0.0,0.0,0.0,N_loc=200
0.7000000000000001,0.16321904021764663,0.16321904021764663,0.16321904021764663,0.16321904021764663,0.16321904021764663,0.2861781556708072,0.2861781556708072,0.2861781556708072,0.2861781556708072,0.2861781556708072,1269.2006587609649,1269.2006587609649,1269.2006587609649,1269.2006587609649,1269.2006587609649,163.605,163.605,163.605,163.605,163.605,0.1891355832449142,0.1891355832449142,0.1891355832449142,0.1891355832449142,0.1891355832449142,3.7827114249915866e-05,3.7827114249915866e-05,3.7827114249915866e-05,3.7827114249915866e-05,3.7827114249915866e-05,5.1166495495087036e-05,5.1166495495087036e-05,5.1166495495087036e-05,5.1166495495087036e-05,5.1166495495087036e-05,0.0003072227936634908,0.0003072227936634908,0.0003072227936634908,0.0003072227936634908,0.0003072227936634908,0.0,0.0,0.0,0.0,0.0,N_loc=200
0.8,0.16321904021764663,0.16321904021764663,0.16321904021764663,0.16321904021764663,0.16321904021764663,0.2861781556708072,0.2861781556708072,0.2861781556708072,0.2861781556708072,0.2861781556708072,1213.3423053612933,1213.3423053612933,1213.3423053612933,1213.3423053612933,1213.3423053612933,163.605,163.605,163.605,163.605,163.605,0.1891355832449142,0.1891355832449142,0.1891355832449142,0.1891355832449142,0.1891355832449142,3.7827114249915866e-05,3.7827114249915866e-05,3.7827114249915866e-05,3.7827114249915866e-05,3.7827114249915866e-05,5.1166495495087036e-05,5.1166495495087036e-05,5.1166495495087036e-05,5.1166495495087036e-05,5.1166495495087036e-05,0.0003072227936634908,0.0003072227936634908,0.0003072227936634908,0.0003072227936634908,0.0003072227936634908,0.0,0.0,0.0,0.0,0.0,N_loc=200
0.9,0.16321904021764663,0.16321904021764663,0.16321904021764663,0.16321904021764663,0.16321904021764663,0.2861781556708072,0.2861781556708072,0.2861781556708072,0.2861781556708072,0.2861781556708072,1240.5751501396298,1240.5751501396298,1240.5751501396298,1240.5751501396298,1240.5751501396298,163.605,163.605,163.605,163.605,163.605,0.1891355832449142,0.1891355832449142,0.1891355832449142,0.1891355832449142,0.1891355832449142,3.7827114249915866e-05,3.7827114249915866e-05,3.7827114249915866e-05,3.7827114249915866e-05,3.7827114249915866e-05,5.1166495495087036e-05,5.1166495495087036e-05,5.1166495495087036e-05,5.1166495495087036e-05,5.1166495495087036e-05,0.0003072227936634908,0.0003072227936634908,0.0003072227936634908,0.0003072227936634908,0.0003072227936634908,0.0,0.0,0.0,0.0,0.0,N_loc=200
0.1,0.10629947740345498,0.10629947740345498,0.10629947740345498,0.10629947740345498,0.10629947740345498,0.38353188690207995,0.38353188690207995,0.38353188690207995,0.38353188690207995,0.38353188690207995,149.89972551818937,149.89972551818937,149.89972551818937,149.89972551818937,149.89972551818937,19.605,19.605,19.605,19.605,19.605,0.2025819775044576,0.2025819775044576,0.2025819775044576,0.2025819775044576,0.2025819775044576,3.947278312068942e-05,3.947278312068942e-05,3.947278312068942e-05,3.947278312068942e-05,3.947278312068942e-05,5.2215898858337704e-05,5.2215898858337704e-05,5.2215898858337704e-05,5.2215898858337704e-05,5.2215898858337704e-05,12.2152804252209,12.2152804252209,12.2152804252209,12.2152804252209,12.2152804252209,0.375,0.375,0.375,0.375,0.375,N_loc=500
0.2,0.06264342037475895,0.06264342037475895,0.06264342037475895,0.06264342037475895,0.06264342037475895,0.1594950653848781,0.1594950653848781,0.1594950653848781,0.1594950653848781,0.1594950653848781,445.8379322104156,445.8379322104156,445.8379322104156,445.8379322104156,445.8379322104156,62.55,62.55,62.55,62.55,62.55,0.1353109918342337,0.1353109918342337,0.1353109918342337,0.1353109918342337,0.1353109918342337,2.6626554899167813e-05,2.6626554899167813e-05,2.6626554899167813e-05,2.6626554899167813e-05,2.6626554899167813e-05,3.517290809610003e-05,3.517290809610003e-05,3.517290809610003e-05,3.517290809610003e-05,3.517290809610003e-05,3.5702781360698945,3.5702781360698945,3.5702781360698945,3.5702781360698945,3.5702781360698945,0.05,0.05,0.05,0.05,0.05,N_loc=500
0.30000000000000004,0.037074825769379226,0.037074825769379226,0.037074825769379226,0.037074825769379226,0.037074825769379226,0.09410663854754829,0.09410663854754829,0.09410663854754829,0.09410663854754829,0.09410663854754829,708.1246184790507,708.1246184790507,708.1246184790507,708.1246184790507,708.1246184790507,96.265,96.265,96.265,96.265,96.265,0.10653897908111112,0.10653897908111112,0.10653897908111112,0.10653897908111112,0.10653897908111112,1.9456599051436018e-05,1.9456599051436018e-05,1.9456599051436018e-05,1.9456599051436018e-05,1.9456599051436018e-05,2.4297218638566268e-05,2.4297218638566268e-05,2.4297218638566268e-05,2.4297218638566268e-05,2.4297218638566268e-05,0.2354463180474515,0.2354463180474515,0.2354463180474515,0.2354463180474515,0.2354463180474515,0.01,0.01,0.01,0.01,0.01,N_loc=500
0.4,0.024980104065110694,0.024980104065110694,0.024980104065110694,0.024980104065110694,0.024980104065110694,0.2714723002829974,0.2714723002829974,0.2714723002829974,0.2714723002829974,0.2714723002829974,822.2312596160918,822.2312596160918,822.2312596160918,822.2312596160918,822.2312596160918,110.335,110.335,110.335,110.335,110.335,0.1836536458443598,0.1836536458443598,0.1836536458443598,0.1836536458443598,0.1836536458443598,3.595092928747053e-05,3.595092928747053e-05,3.595092928747053e-05,3.595092928747053e-05,3.595092928747053e-05,4.267968994284701e-05,4.267968994284701e-05,4.267968994284701e-05,4.267968994284701e-05,4.267968994284701e-05,0.25507022177472694,0.25507022177472694,0.25507022177472694,0.25507022177472694,0.25507022177472694,0.005,0.005,0.005,0.005,0.005,N_loc=500
0.5,0.16321904021764663,0.16321904021764663,0.16321904021764663,0.16321904021764663,0.16321904021764663,0.2861781556708072,0.2861781556708072,0.2861781556708072,0.2861781556708072,0.2861781556708072,1261.9256992265582,1261.9256992265582,1261.9256992265582,1261.9256992265582,1261.9256992265582,163.605,163.605,163.605,163.605,163.605,0.1891355832449142,0.1891355832449142,0.1891355832449142,0.1891355832449142,0.1891355832449142,3.7827114249915866e-05,3.7827114249915866e-05,3.7827114249915866e-05,3.7827114249915866e-05,3.7827114249915866e-05,5.1166495495087036e-05,5.1166495495087036e-05,5.1166495495087036e-05,5.1166495495087036e-05,5.1166495495087036e-05,0.0003072227936634908,0.0003072227936634908,0.0003072227936634908,0.0003072227936634908,0.0003072227936634908,0.0,0.0,0.0,0.0,0.0,N_loc=500
0.6,0.16321904021764663,0.16321904021764663,0.16321904021764663,0.16321904021764663,0.16321904021764663,0.2861781556708072,0.2861781556708072,0.2861781556708072,0.2861781556708072,0.2861781556708072,1326.351758488454,1326.351758488454,1326.351758488454,1326.351758488454,1326.351758488454,163.605,163.605,163.605,163.605,163.605,0.1891355832449142,0.1891355832449142,0.1891355832449142,0.1891355832449142,0.1891355832449142,3.7827114249915866e-05,3.7827114249915866e-05,3.7827114249915866e-05,3.7827114249915866e-05,3.7827114249915866e-05,5.1166495495087036e-05,5.1166495495087036e-05,5.1166495495087036e-05,5.1166495495087036e-05,5.1166495495087036e-05,0.0003072227936634908,0.0003072227936634908,0.0003072227936634908,0.0003072227936634908,0.0003072227936634908,0.0,0.0,0.0,0.0,0.0,N_loc=500
0.7000000000000001,0.16321904021764663,0.16321904021764663,0.16321904021764663,0.16321904021764663,0.16321904021764663,0.2861781556708072,0.2861781556708072,0.2861781556708072,0.2861781556708072,0.2861781556708072,1227.8231697762385,1227.8231697762385,1227.8231697762385,1227.8231697762385,1227.8231697762385,163.605,163.605,163.605,163.605,163.605,0.1891355832449142,0.1891355832449142,0.1891355832449142,0.1891355832449142,0.1891355832449142,3.7827114249915866e-05,3.7827114249915866e-05,3.7827114249915866e-05,3.7827114249915866e-05,3.7827114249915866e-05,5.1166495495087036e-05,5.1166495495087036e-05,5.1166495495087036e-05,5.1166495495087036e-05,5.1166495495087036e-05,0.0003072227936634908,0.0003072227936634908,0.0003072227936634908,0.0003072227936634908,0.0003072227936634908,0.0,0.0,0.0,0.0,0.0,N_loc=500
0.8,0.16321904021764663,0.16321904021764663,0.16321904021764663,0.16321904021764663,0.16321904021764663,0.2861781556708072,0.2861781556708072,0.2861781556708072,0.2861781556708072,0.2861781556708072,1237.7660706173629,1237.7660706173629,1237.7660706173629,1237.7660706173629,1237.7660706173629,163.605,163.605,163.605,163.605,163.605,0.1891355832449142,0.1891355832449142,0.1891355832449142,0.1891355832449142,0.1891355832449142,3.7827114249915866e-05,3.7827114249915866e-05,3.7827114249915866e-05,3.7827114249915866e-05,3.7827114249915866e-05,5.1166495495087036e-05,5.1166495495087036e-05,5.1166495495087036e-05,5.1166495495087036e-05,5.1166495495087036e-05,0.0003072227936634908,0.0003072227936634908,0.0003072227936634908,0.0003072227936634908,0.0003072227936634908,0.0,0.0,0.0,0.0,0.0,N_loc=500
0.9,0.16321904021764663,0.16321904021764663,0.16321904021764663,0.16321904021764663,0.16321904021764663,0.2861781556708072,0.2861781556708072,0.2861781556708072,0.2861781556708072,0.2861781556708072,1162.9143199836835,1162.9143199836835,1162.9143199836835,1162.9143199836835,1162.9143199836835,163.605,163.605,163.605,163.605,163.605,0.1891355832449142,0.1891355832449142,0.1891355832449142,0.1891355832449142,0.1891355832449142,3.7827114249915866e-05,3.7827114249915866e-05,3.7827114249915866e-05,3.7827114249915866e-05,3.7827114249915866e-05,5.1166495495087036e-05,5.1166495495087036e-05,5.1166495495087036e-05,5.1166495495087036e-05,5.1166495495087036e-05,0.0003072227936634908,0.0003072227936634908,0.0003072227936634908,0.0003072227936634908,0.0003072227936634908,0.0,0.0,0.0,0.0,0.0,N_loc=500
0.1,0.10567672112840291,0.10567672112840291,0.10567672112840291,0.10567672112840291,0.10567672112840291,0.19681591319032193,0.19681591319032193,0.19681591319032193,0.19681591319032193,0.19681591319032193,138.4303885186091,138.4303885186091,138.4303885186091,138.4303885186091,138.4303885186091,19.89,19.89,19.89,19.89,19.89,0.13907889831988401,0.13907889831988401,0.13907889831988401,0.13907889831988401,0.13907889831988401,2.6658070850493398e-05,2.6658070850493398e-05,2.6658070850493398e-05,2.6658070850493398e-05,2.6658070850493398e-05,3.579058799231027e-05,3.579058799231027e-05,3.579058799231027e-05,3.579058799231027e-05,3.579058799231027e-05,6.054337429856177,6.054337429856177,6.054337429856177,6.054337429856177,6.054337429856177,0.635,0.635,0.635,0.635,0.635,N_loc=1000
0.2,0.006516798190587003,0.006516798190587003,0.006516798190587003,0.006516798190587003,0.006516798190587003,0.2861781556708072,0.2861781556708072,0.2861781556708072,0.2861781556708072,0.2861781556708072,484.00990483816713,484.00990483816713,484.00990483816713,484.00990483816713,484.00990483816713,72.66,72.66,72.66,72.66,72.66,0.1891355832449142,0.1891355832449142,0.1891355832449142,0.1891355832449142,0.1891355832449142,3.7827114249915866e-05,3.7827114249915866e-05,3.7827114249915866e-05,3.7827114249915866e-05,3.7827114249915866e-05,5.1166495495087036e-05,5.1166495495087036e-05,5.1166495495087036e-05,5.1166495495087036e-05,5.1166495495087036e-05,0.0019750096870000604,0.0019750096870000604,0.0019750096870000604,0.0019750096870000604,0.0019750096870000604,0.0,0.0,0.0,0.0,0.0,N_loc=1000
0.30000000000000004,0.07396650841089818,0.07396650841089818,0.07396650841089818,0.07396650841089818,0.07396650841089818,0.2861781556708072,0.2861781556708072,0.2861781556708072,0.2861781556708072,0.2861781556708072,572.6668981416151,572.6668981416151,572.6668981416151,572.6668981416151,572.6668981416151,81.13,81.13,81.13,81.13,81.13,0.1891355832449142,0.1891355832449142,0.1891355832449142,0.1891355832449142,0.1891355832449142,3.7827114249915866e-05,3.7827114249915866e-05,3.7827114249915866e-05,3.7827114249915866e-05,3.7827114249915866e-05,5.1166495495087036e-05,5.1166495495087036e-05,5.1166495495087036e-05,5.1166495495087036e-05,5.1166495495087036e-05,0.0014714564105030034,0.0014714564105030034,0.0014714564105030034,0.0014714564105030034,0.0014714564105030034,0.0,0.0,0.0,0.0,0.0,N_loc=1000
0.4,0.036688530951243095,0.036688530951243095,0.036688530951243095,0.036688530951243095,0.036688530951243095,0.18474021085541578,0.18474021085541578,0.18474021085541578,0.18474021085541578,0.18474021085541578,1027.7646129997447,1027.7646129997447,1027.7646129997447,1027.7646129997447,1027.7646129997447,131.32,131.32,131.32,131.32,131.32,0.14846307095444683,0.14846307095444683,0.14846307095444683,0.14846307095444683,0.14846307095444683,2.910593372786207e-05,2.910593372786207e-05,2.910593372786207e-05,2.910593372786207e-05,2.910593372786207e-05,3.78395194237095e-05,3.78395194237095e-05,3.78395194237095e-05,3.78395194237095e-05,3.78395194237095e-05,1.2999213643697436,1.2999213643697436,1.2999213643697436,1.2999213643697436,1.2999213643697436,0.03,0.03,0.03,0.03,0.03,N_loc=1000
0.5,0.16321904021764663,0.16321904021764663,0.16321904021764663,0.16321904021764663,0.16321904021764663,0.2861781556708072,0.2861781556708072,0.2861781556708072,0.2861781556708072,0.2861781556708072,1244.3427501665428,1244.3427501665428,1244.3427501665428,1244.3427501665428,1244.3427501665428,163.605,163.605,163.605,163.605,163.605,0.1891355832449142,0.1891355832449142,0.1891355832449142,0.1891355832449142,0.1891355832449142,3.7827114249915866e-05,3.7827114249915866e-05,3.7827114249915866e-05,3.7827114249915866e-05,3.7827114249915866e-05,5.1166495495087036e-05,5.1166495495087036e-05,5.1166495495087036e-05,5.1166495495087036e-05,5.1166495495087036e-05,0.0003072227936634908,0.0003072227936634908,0.0003072227936634908,0.0003072227936634908,0.0003072227936634908,0.0,0.0,0.0,0.0,0.0,N_loc=1000
0.6,0.16321904021764663,0.16321904021764663,0.16321904021764663,0.16321904021764663,0.16321904021764663,0.2861781556708072,0.2861781556708072,0.2861781556708072,0.2861781556708072,0.2861781556708072,1305.3983932267874,1305.3983932267874,1305.3983932267874,1305.3983932267874,1305.3983932267874,163.605,163.605,163.605,163.605,163.605,0.1891355832449142,0.1891355832449142,0.1891355832449142,0.1891355832449142,0.1891355832449142,3.7827114249915866e-05,3.7827114249915866e-05,3.7827114249915866e-05,3.7827114249915866e-05,3.7827114249915866e-05,5.1166495495087036e-05,5.1166495495087036e-05,5.1166495495087036e-05,5.1166495495087036e-05,5.1166495495087036e-05,0.0003072227936634908,0.0003072227936634908,0.0003072227936634908,0.0003072227936634908,0.0003072227936634908,0.0,0.0,0.0,0.0,0.0,N_loc=1000
0.7000000000000001,0.16321904021764663,0.16321904021764663,0.16321904021764663,0.16321904021764663,0.16321904021764663,0.2861781556708072,0.2861781556708072,0.2861781556708072,0.2861781556708072,0.2861781556708072,1242.9435621667653,1242.9435621667653,1242.9435621667653,1242.9435621667653,1242.9435621667653,163.605,163.605,163.605,163.605,163.605,0.1891355832449142,0.1891355832449142,0.1891355832449142,0.1891355832449142,0.1891355832449142,3.7827114249915866e-05,3.7827114249915866e-05,3.7827114249915866e-05,3.7827114249915866e-05,3.7827114249915866e-05,5.1166495495087036e-05,5.1166495495087036e-05,5.1166495495087036e-05,5.1166495495087036e-05,5.1166495495087036e-05,0.0003072227936634908,0.0003072227936634908,0.0003072227936634908,0.0003072227936634908,0.0003072227936634908,0.0,0.0,0.0,0.0,0.0,N_loc=1000
0.8,0.16321904021764663,0.16321904021764663,0.16321904021764663,0.16321904021764663,0.16321904021764663,0.2861781556708072,0.2861781556708072,0.2861781556708072,0.2861781556708072,0.2861781556708072,1209.2273791087791,1209.2273791087791,1209.2273791087791,1209.2273791087791,1209.2273791087791,163.605,163.605,163.605,163.605,163.605,0.1891355832449142,0.1891355832449142,0.1891355832449142,0.1891355832449142,0.1891355832449142,3.7827114249915866e-05,3.7827114249915866e-05,3.7827114249915866e-05,3.7827114249915866e-05,3.7827114249915866e-05,5.1166495495087036e-05,5.1166495495087036e-05,5.1166495495087036e-05,5.1166495495087036e-05,5.1166495495087036e-05,0.0003072227936634908,0.0003072227936634908,0.0003072227936634908,0.0003072227936634908,0.0003072227936634908,0.0,0.0,0.0,0.0,0.0,N_loc=1000
0.9,0.16321904021764663,0.16321904021764663,0.16321904021764663,0.16321904021764663,0.16321904021764663,0.2861781556708072,0.2861781556708072,0.2861781556708072,0.2861781556708072,0.2861781556708072,1199.2942014196888,1199.2942014196888,1199.2942014196888,1199.2942014196888,1199.2942014196888,163.605,163.605,163.605,163.605,163.605,0.1891355832449142,0.1891355832449142,0.1891355832449142,0.1891355832449142,0.1891355832449142,3.7827114249915866e-05,3.7827114249915866e-05,3.7827114249915866e-05,3.7827114249915866e-05,3.7827114249915866e-05,5.1166495495087036e-05,5.1166495495087036e-05,5.1166495495087036e-05,5.1166495495087036e-05,5.1166495495087036e-05,0.0003072227936634908,0.0003072227936634908,0.0003072227936634908,0.0003072227936634908,0.0003072227936634908,0.0,0.0,0.0,0.0,0.0,N_loc=1000
