K,seed,rmse,cost,ISE,IAE,solve_mean,solve_var,solve_p95,sigma_mk_mean,sigma_mk_var,sigma_mk_min,sigma_mk_p10,slack_mean,slack_var,slack_max,K_opt_mean,K_opt_var,K_opt_min,K_opt_max,solver_opt_rate,solver_nonopt_count
60,0,0.09342644232118594,0.144612313788734,3.604971322152742e-05,4.806531619327941e-05,107.85568099992815,2400.670764923014,196.71055499929935,0.09754299867882082,7.919963379345378e-05,0.06973539856418187,0.08637434410887544,0.00015486745342047537,8.827354862108294e-08,0.005021140102045485,60.0,0.0,60.0,60.0,0.99,4.0
60,1,0.08165667077044872,0.10982760979408572,3.017329942402568e-05,3.938896069693895e-05,117.6822470058687,2352.009026537851,195.54974004859105,0.09700723874237252,7.672620875483515e-05,0.07194934681874175,0.08641855896110912,0.00014278148778878224,1.1830144261693355e-07,0.006711877305487647,60.0,0.0,60.0,60.0,0.99,4.0
60,2,0.07616374839437257,0.09780483618867253,2.5483703579432894e-05,3.3159660468638384e-05,134.28530225588474,2801.768081658459,203.36542015429586,0.09452087381277448,8.036082445888788e-05,0.06964740552155269,0.08347135082495995,0.00027045461197569597,9.059394797637536e-07,0.012885363084453705,60.0,0.0,60.0,60.0,0.975,10.0
60,3,0.11192680792094609,0.2073268297533756,4.4099359308253946e-05,5.6161063825567695e-05,94.87841150781605,1398.59395091193,188.07113987859333,0.0998966792725463,6.926114411045018e-05,0.0754037664950635,0.08891751104455266,0.00014664476588746364,3.0959028802346005e-09,0.0004181650108271508,60.0,0.0,60.0,60.0,1.0,0.0
60,4,0.10976207481566773,0.20097176624843233,4.22107382586623e-05,5.313583536914589e-05,98.29453525191639,1809.8850286946567,194.31278489064425,0.09895024560255418,8.5153239200018e-05,0.06907412958697955,0.08736368017149448,0.0001517664990446205,5.859501300034496e-09,0.0008822606499929873,60.0,0.0,60.0,60.0,0.9975,1.0
110,0,0.08210601958277594,0.11059390300876006,3.017223302969471e-05,3.9347164649118796e-05,178.88578049838543,7310.985474110064,366.11119511071576,0.16201028036323398,0.0002577232235390021,0.12717741840431526,0.1421785542545185,0.0001597764941670245,6.817381758726077e-07,0.01627348837908602,110.0,0.0,110.0,110.0,0.9875,5.0
110,1,0.07530649166273533,0.09235753549633582,2.8387518790719064e-05,3.668796148262353e-05,158.7147552461829,4399.237502241943,279.32671513408417,0.1573450017686977,0.0002276884585216141,0.12178084558322733,0.13948917055475493,0.00010030907288038779,9.947113750180664e-10,0.0003026999206721818,110.0,0.0,110.0,110.0,1.0,0.0
110,2,0.09136613649555839,0.138167478957508,3.464830328286012e-05,4.482550570658655e-05,174.1532680077944,5545.180188792841,302.0242699887601,0.16207798798464887,0.00023877617438849177,0.11894806379316575,0.14156385193034585,0.00011509236657116558,2.9391942025589003e-09,0.00043412235134841846,110.0,0.0,110.0,110.0,1.0,0.0
110,3,0.10521380428170143,0.1836451790649005,4.040489147541945e-05,5.227950887533963e-05,165.48984249704517,4841.483845510561,292.7052300423382,0.17001177550618582,0.00020600237367610752,0.13117969069235924,0.14987962848364458,0.00012485048426346293,2.8554172796823316e-09,0.0004096834516626521,110.0,0.0,110.0,110.0,1.0,0.0
110,4,0.08164528322359361,0.10834532252207386,3.10483158673087e-05,4.047795899898501e-05,174.60159150359686,4952.1186553839125,308.84746006922734,0.1601176344091382,0.0002751518854774481,0.12184005520094092,0.13910544897306087,0.00010196801268444942,1.0773040549889203e-09,0.0003605868618774794,110.0,0.0,110.0,110.0,1.0,0.0
160,0,0.0821308483816129,0.10971641569911261,3.121889451407295e-05,3.99958099319837e-05,230.38957050419413,8822.21234581167,415.44698002981005,0.21194801994614654,0.0006598576852857199,0.16179635781024396,0.1804335887497167,9.857021172307107e-05,1.0394362363634626e-09,0.0003975435505694676,160.0,0.0,160.0,160.0,1.0,0.0
160,1,0.08294681177930524,0.11221992865968487,3.1774522734467926e-05,4.0803695065073465e-05,236.12039549800102,7716.721118618912,379.4851749902587,0.21510706910458052,0.0005994862548084024,0.16601029906375794,0.18295317539344177,0.00010126356800935806,1.2684960581828634e-09,0.00035801400927199775,160.0,0.0,160.0,160.0,1.0,0.0
160,2,0.13025873278927907,0.2823969700245016,5.1812165008884314e-05,6.436290208495954e-05,245.2581557474332,12696.213893447513,484.7658152109943,0.23702642362350013,0.00016594148859593489,0.20101796449148693,0.22063788252095098,0.0001357739305574695,2.628585952806062e-09,0.00035816154900287535,160.0,0.0,160.0,160.0,1.0,0.0
160,3,0.08050704011390174,0.1056553457638574,3.079791365779287e-05,3.971152233089233e-05,243.2073372544255,8621.606528829587,416.5648750145919,0.21222763548250412,0.0005974727950228112,0.16486793730233615,0.18132170273172044,9.710887131394865e-05,1.2286884935051163e-09,0.00046702247940489636,160.0,0.0,160.0,160.0,1.0,0.0
160,4,0.08364040082416768,0.11370733382467527,3.198055879065694e-05,4.1849587924643504e-05,234.884467748343,9806.726563355638,414.14908990263916,0.21670606257185895,0.0006288158510517496,0.16449298661852024,0.18053364502032984,9.614484472780922e-05,9.036215251443565e-10,0.0003404370685726262,160.0,0.0,160.0,160.0,1.0,0.0
210,0,0.08301996369922404,0.11173706190400123,3.1598188258255615e-05,4.283408889771331e-05,204.74436673568562,5979.851065034246,351.8440951360389,0.26974409503500796,0.0007891652678680678,0.2101854583140094,0.22489316477831092,9.64609188009698e-05,9.716932416078804e-10,0.00038618793606133106,210.0,0.0,210.0,210.0,1.0,0.0
210,1,0.08157865105253474,0.10776653257566604,3.137663040869921e-05,4.310570969939612e-05,210.53023124928586,6899.978975703096,375.8644699235446,0.2748706435217569,0.000639605312460542,0.21005039278118884,0.24032867916521744,9.598420843152187e-05,7.939119807198206e-10,0.0003560400320984444,210.0,0.0,210.0,210.0,1.0,0.0
210,2,0.08344589616353781,0.11296231666858887,3.176081677177335e-05,4.3078623830170264e-05,216.42424625169951,6528.345596891571,366.9106849119998,0.27068818937109784,0.0008081022724034664,0.20685733423485442,0.2269597342974726,9.850749867730909e-05,1.3991235148855028e-09,0.0003855388605962651,210.0,0.0,210.0,210.0,1.0,0.0
210,3,0.08035927930448923,0.10512215030961497,3.0158294952944025e-05,4.067552742362654e-05,191.70226626039948,5891.2851153059755,346.74333002185443,0.26432673692290004,0.0008928802753312265,0.19872327476164672,0.2230912797168327,9.656750546302144e-05,9.925382269743294e-10,0.0003428005769550189,210.0,0.0,210.0,210.0,1.0,0.0
210,4,0.08120326176521138,0.10673144289920648,3.091638337581992e-05,4.196032402502679e-05,203.42576675466262,6417.908133144054,352.6035049580969,0.26974317701472017,0.0008486480768172702,0.2054728955578633,0.22302407424777682,9.721530221180347e-05,8.726079940364445e-10,0.0003443448248744461,210.0,0.0,210.0,210.0,1.0,0.0
260,0,0.10353647417311355,0.17361227640748308,4.027693944028884e-05,5.426323547881219e-05,251.22080700239167,7428.118630263569,401.7254901002161,0.33731983292139567,0.00021179601296202313,0.2845347607458273,0.3161123873031231,9.899669745306364e-05,6.872869100587497e-10,0.0002693710881497035,260.0,0.0,260.0,260.0,1.0,0.0
260,1,0.08016603212369207,0.10396039987687779,3.036162299575854e-05,4.1325056522750105e-05,215.97379074431956,6889.063009376875,376.3483100803568,0.3146667454779622,0.0011393851824010068,0.23726299907479598,0.26024886424347815,9.647728723185755e-05,7.983195010757416e-10,0.0003254803690642892,260.0,0.0,260.0,260.0,1.0,0.0
260,2,0.08824956411121465,0.12608356585818745,3.374273838660701e-05,4.638364940255934e-05,252.2529414895689,11970.652327360813,457.4911248520947,0.32430655447422324,0.0007401656084017147,0.23801521966793912,0.2822974219589188,9.844324256207667e-05,9.153244177603363e-10,0.0003841625829194389,260.0,0.0,260.0,260.0,1.0,0.0
260,3,0.08801454749615706,0.1254099742789708,3.394219686359227e-05,4.7082444176784486e-05,248.1578415055992,8773.988693538404,412.07343996502453,0.32908131767185866,0.00047470418187855524,0.25607530701830195,0.2922519046095005,9.828724224506246e-05,5.921745090987501e-10,0.00027841418526449764,260.0,0.0,260.0,260.0,1.0,0.0
260,4,0.08992147086287564,0.13061754560912928,3.458981186609164e-05,4.758696183035256e-05,229.40303900279105,8154.822495384286,391.7035148013383,0.327263138820498,0.0005662105444583014,0.2501308810672402,0.2890571282400433,9.758258705360781e-05,8.435075049136662e-10,0.00031761273137534353,260.0,0.0,260.0,260.0,1.0,0.0
310,0,0.11588719048784424,0.2163348924689243,4.591337430663217e-05,6.0938370724771226e-05,296.563340757275,8005.967480192846,434.7166900872252,0.3796007661521636,0.0001089621826434516,0.334247488848193,0.3661806554126414,9.58208752654035e-05,7.521136760179358e-10,0.00035757763001561106,310.0,0.0,310.0,310.0,1.0,0.0
310,1,0.07934968245674243,0.10194582719775397,2.885357577352673e-05,3.8947610821871e-05,230.48379900981672,8651.885078666879,406.2952101347036,0.3509120792755869,0.0011630647935105165,0.2698605413841218,0.29388491365638697,9.478189332458524e-05,7.290899060494099e-10,0.0002911790817105228,310.0,0.0,310.0,310.0,1.0,0.0
310,2,0.08871443795587972,0.12731086531931285,3.3431226037879826e-05,4.5472268065572074e-05,247.76456474908628,10786.550697303659,444.4922950351611,0.3573613388194275,0.0012084735963882951,0.27899964410991174,0.2922874428138192,9.528929084966585e-05,8.331744420757429e-10,0.00033584729239808026,310.0,0.0,310.0,310.0,1.0,0.0
310,3,0.09109874060193639,0.13426049511028296,3.465106008091355e-05,4.739673934325488e-05,248.35129999322817,10753.661901046,437.0724349631928,0.36135223654128057,0.0009537680183167093,0.2711075873484218,0.30405594779154194,9.760952042521915e-05,1.0834306375660862e-09,0.0003941103660511981,310.0,0.0,310.0,310.0,1.0,0.0
310,4,0.08416398202505423,0.1145389464219703,3.099850767542932e-05,4.202830865681033e-05,229.74634550046176,9100.200818649173,401.24004497192794,0.35344052579595386,0.0012058794558903923,0.27152292801149824,0.2915948024504719,9.559569889312066e-05,7.838371854412498e-10,0.0003626271235497863,310.0,0.0,310.0,310.0,1.0,0.0
360,0,0.09773940572871721,0.1540059757993763,3.724007223028241e-05,5.033434200223748e-05,271.0613840055885,9903.961199860203,433.4138398175128,0.40102745796637995,0.0009369114434512809,0.30531442116349294,0.33738730711218706,9.636126832544356e-05,6.283225332012734e-10,0.0002994909761913373,360.0,0.0,360.0,360.0,1.0,0.0
360,1,0.08760467188181031,0.12395114325140147,3.210402076529434e-05,4.327735494383168e-05,270.7745204976527,15932.110982561699,425.69893492618576,0.39384643070278685,0.0010849309157727172,0.3165151328180944,0.3347488817092481,0.00013679627803916017,2.877034752886347e-07,0.010255275785600097,360.0,0.0,360.0,360.0,0.9875,5.0
360,2,0.09843890691273745,0.1563456711173426,3.7653474467144244e-05,5.080681572242595e-05,281.17134350468405,12780.75048754639,479.3508349801411,0.401512238272835,0.0008847117541633235,0.3125879032335247,0.34136676701861435,9.551116836048853e-05,8.252893410817559e-10,0.000368014049228277,360.0,0.0,360.0,360.0,1.0,0.0
360,3,0.09917115029109586,0.15869097260264237,3.8275434692563976e-05,5.1916256738030306e-05,282.1561529993778,9769.564659374491,435.9477901947684,0.40539155944296384,0.0006672036486667141,0.3009408949130258,0.3648817322468593,9.686318122373027e-05,9.255688030397609e-10,0.00035930356088791267,360.0,0.0,360.0,360.0,1.0,0.0
360,4,0.09638234033405897,0.14973250097173005,3.6737327841166924e-05,4.9704829839245474e-05,277.6934065000387,11586.309312466947,454.40346013056103,0.4002662665384857,0.0009794778126820467,0.30619307372485816,0.3365675534987238,9.70599347441443e-05,6.432745705260331e-10,0.00033435250911102515,360.0,0.0,360.0,360.0,1.0,0.0
410,0,0.12603176765466922,0.25509489154964754,5.012299186612254e-05,6.206584758748248e-05,89.71792975557037,307.4661282044756,116.37819005409254,0.4545289828464182,0.000160299259084844,0.4180300094711919,0.4346412922202331,0.00014447367873046904,2.6872719536723806e-09,0.00028223654961194173,410.0,0.0,410.0,410.0,1.0,0.0
410,1,0.13015162413721726,0.2718400537618517,5.197466707732738e-05,6.397742883138525e-05,96.44966524501797,316.6375431676729,120.4599199001677,0.45599493572585503,6.563357960100417e-05,0.4299498766149225,0.44534921792063015,0.00015648243557021474,1.7817110283178776e-09,0.0003284717177718323,410.0,0.0,410.0,410.0,1.0,0.0
410,2,0.1270772194954681,0.2594503060031941,5.0590217968343246e-05,6.262544384210877e-05,94.4013654999435,365.68418170042975,123.13385482411827,0.45531340962551003,0.00012802856800646494,0.41848506501543054,0.43719723540628813,0.00014421059172173875,2.562157889525018e-09,0.00031802677809640193,410.0,0.0,410.0,410.0,1.0,0.0
410,3,0.12582458031739846,0.2544325290177415,5.001546217953813e-05,6.210505831081445e-05,87.58743825834244,353.41951216422945,114.9221101310104,0.4530690524715222,0.00016274204446397098,0.4177201198837847,0.43274755176165697,0.00014082300868432506,2.6427316395380017e-09,0.0003254687937735073,410.0,0.0,410.0,410.0,1.0,0.0
410,4,0.12886204401375817,0.26649541663990783,5.138248441426809e-05,6.263029775165439e-05,93.41588600014802,288.1601569839884,116.26208001980558,0.4571839843518077,0.00010355091344902326,0.4262056948232829,0.442258784883798,0.00015197375400649352,2.1707560509039294e-09,0.0002572356873258265,410.0,0.0,410.0,410.0,1.0,0.0
460,0,0.12421590269541728,0.24773558533915493,4.943333507604813e-05,6.229283295361281e-05,85.50095350248739,393.1174239687953,113.63161478657275,0.48199066026397425,0.000231344371459243,0.44754292088869335,0.45483673103895156,0.0001295609667116605,2.210765903134105e-09,0.0003110846290395176,460.0,0.0,460.0,460.0,1.0,0.0
460,1,0.1301742671107255,0.27177028152756033,5.199291310247655e-05,6.396269670277915e-05,101.90657850180287,453.90539934783664,131.7030800273642,0.4919728671351443,5.219064904856748e-05,0.4628242865586361,0.4835903412780598,0.00015106525219315666,1.4340261040358972e-09,0.00027501455521394526,460.0,0.0,460.0,460.0,1.0,0.0
460,2,0.1239350865125222,0.2467701887557046,4.9306073873686064e-05,6.240112212670575e-05,90.0038712559035,541.8055730598124,125.49123007338493,0.4825717503738444,0.000234432962431903,0.44546199755968185,0.45577088872815835,0.00013054419573058044,2.3570673289691567e-09,0.0003557338503214855,460.0,0.0,460.0,460.0,1.0,0.0
460,3,0.12626514579455844,0.2561783896918589,5.026369872698182e-05,6.291222435496467e-05,89.79783650604077,313.3770480051501,114.0124100493267,0.4841456542970684,0.00017147355760714042,0.44676847163243044,0.46017923465676186,0.0001358801441115497,2.4546479752065215e-09,0.00033592092024832776,460.0,0.0,460.0,460.0,1.0,0.0
460,4,0.1254881941354947,0.25262118457918364,4.998689722089981e-05,6.252098203668859e-05,87.59044751117472,299.1663727917358,112.83637504093348,0.4849363387379796,0.00020720002255187825,0.4473040214435878,0.45841386089201075,0.00013182359663173546,1.9728593753963663e-09,0.0002440358029089662,460.0,0.0,460.0,460.0,1.0,0.0
510,0,0.12668960926292747,0.2575480231673952,5.0519262389636855e-05,6.327983365311811e-05,82.40492323995568,181.39086645999635,104.13389489986002,0.5136151262970463,0.00014454828222947692,0.4668911486417933,0.49327609766262226,0.0001228607110089696,1.744175841608816e-09,0.0002558022531979732,510.0,0.0,510.0,510.0,1.0,0.0
510,1,0.12780252032845227,0.26183378406105495,5.105353404273683e-05,6.29040621639969e-05,91.59318300837185,189.2149728331191,105.99742013728245,0.5359092619711899,5.2670529271835725e-05,0.48889161013063925,0.5308645453973901,0.00015086148799386745,7.168590195184065e-10,0.00024455933777163866,510.0,0.0,510.0,510.0,1.0,0.0
510,2,0.1299174024009963,0.2709263401993949,5.186794583559684e-05,6.42233587728636e-05,91.18460950732697,239.94355844868775,113.83638012921436,0.5180928771104858,6.349640811121267e-05,0.4872773784859207,0.5084848794326428,0.00013740164431579142,1.5520169528067777e-09,0.00029742537386069135,510.0,0.0,510.0,510.0,1.0,0.0
510,3,0.12838611603943995,0.26467330109188053,5.120761364522412e-05,6.388687706936445e-05,86.46565374918282,229.0666317446855,105.41861002566291,0.5160230077115514,0.0001022003779142162,0.48138013419710607,0.5009850023467657,0.00012756520575879453,1.8567171016135126e-09,0.0003174077921589216,510.0,0.0,510.0,510.0,1.0,0.0
510,4,0.12859340200094854,0.26521368179451593,5.134634000759606e-05,6.371715920936597e-05,85.08307400275953,119.64363775324416,105.16661490546538,0.5159749373369888,8.212915125956839e-05,0.48503593766674474,0.50465274852288,0.00012889302599792472,1.7253950012335098e-09,0.0002693915863916512,510.0,0.0,510.0,510.0,1.0,0.0
560,0,0.12947803703752586,0.26879211840997336,5.171433831610605e-05,6.448236551060579e-05,82.49993625329807,78.83128354644082,91.74175510415806,0.558532062995355,4.741784891004506e-05,0.5184817163670423,0.5520766034147243,0.00012644236496528352,8.542439745997066e-10,0.0002381795430317127,560.0,0.0,560.0,560.0,1.0,0.0
560,1,0.12727386096926388,0.25962232364302595,5.083484108259197e-05,6.348624327358069e-05,82.72078625042923,97.63548280926926,96.41626499360427,0.5653020342504714,5.235579140557276e-05,0.5228032010824922,0.5603014202877581,0.0001374637427411575,3.995276873155972e-10,0.00019729227067727788,560.0,0.0,560.0,560.0,1.0,0.0
560,2,0.12962811727450801,0.26953012300446244,5.1757134194369354e-05,6.458469082211074e-05,87.1446920040762,154.47450219147234,103.822020010557,0.5583928610581573,4.812185203604912e-05,0.5173768611675978,0.5519290527726337,0.0001250676606368667,9.277214354293025e-10,0.00028551161494886983,560.0,0.0,560.0,560.0,1.0,0.0
560,3,0.12976692531711814,0.27016208839641415,5.179577018751635e-05,6.463964212196696e-05,85.83109950937796,140.71201842190922,98.69782015448436,0.5585235273631475,5.3661677749176314e-05,0.5163661901332977,0.5505847605115357,0.000125854999538445,8.423308714052383e-10,0.00025761924655340345,560.0,0.0,560.0,560.0,1.0,0.0
560,4,0.12929680715058978,0.267917534788305,5.166342807498113e-05,6.433963240222955e-05,85.51922424987424,101.79386595235967,96.8294250895269,0.5582976567814181,4.242543747015892e-05,0.5148371241685278,0.5517353743218263,0.00012379856201514403,8.299527966439326e-10,0.0002234906046836799,560.0,0.0,560.0,560.0,1.0,0.0
610,0,0.12962335832930483,0.26932441740543794,5.176893558754677e-05,6.447706136777113e-05,78.5428522597067,47.386511305176036,83.54178990703076,0.5919895966790828,4.132518017699643e-05,0.5426223188540875,0.5898579938880186,0.00010121027164061869,3.8009744717299324e-10,0.00023434421425084533,610.0,0.0,610.0,610.0,1.0,0.0
610,1,0.12941483827677777,0.2683392231064624,5.1693602762007836e-05,6.409198384592867e-05,83.39343749568798,134.02100818190627,99.63540505850688,0.5944663160780965,4.338950015984918e-05,0.5503996164032249,0.5905214180720655,0.00012037911847286899,8.223251094121316e-10,0.00021050536273003925,610.0,0.0,610.0,610.0,1.0,0.0
610,2,0.13007791646110314,0.27130226839951277,5.1926804787358036e-05,6.442322807619566e-05,83.22081274876837,95.11967260107434,95.42977006640285,0.596520844923591,7.635594593009913e-05,0.5377820814968197,0.5957093249510683,0.0001258742160812728,3.4133287313820957e-10,0.0002512608801502047,610.0,0.0,610.0,610.0,1.0,0.0
610,3,0.13003413252036655,0.2711482737602734,5.1891910339037586e-05,6.447276874415105e-05,82.1379402547609,63.31077446029813,92.13916498702018,0.594895979629657,6.390719015840192e-05,0.5429122855553716,0.5920058993948745,0.00011800085823458222,1.0091865634230517e-09,0.00025794888908620904,610.0,0.0,610.0,610.0,1.0,0.0
610,4,0.12937664196635304,0.26818080278469075,5.168996653751057e-05,6.433395065990524e-05,79.77324574661907,53.66559493481828,85.187669924926,0.5920918125372405,3.480831410442386e-05,0.5547100457250317,0.5893507853130824,9.926300681223479e-05,3.0057299027744037e-10,0.00021513784487439463,610.0,0.0,610.0,610.0,1.0,0.0
660,0,0.12784273847518596,0.2620639979529733,5.097237327337042e-05,6.249277865987612e-05,66.31578999920748,86.2519549647531,78.0253250268288,0.599427126847447,0.0002579925591355289,0.5522829401658222,0.5767159811815764,0.0001055458519217689,7.70053607882902e-10,0.00017270612909433658,660.0,0.0,660.0,660.0,1.0,0.0
660,1,0.130079636515345,0.2711400903218184,5.195492262760132e-05,6.411821247081694e-05,71.95523225003853,99.14179608591614,86.9749400881119,0.6109174019607955,6.889594651445202e-05,0.5843843929745239,0.5990131471116881,0.00011385406052440858,5.470040475720509e-10,0.00023683477087256766,660.0,0.0,660.0,660.0,1.0,0.0
660,2,0.1310271829523801,0.2752668598108296,5.230016999359117e-05,6.396846885396948e-05,72.73268374963664,105.21624623520009,85.71781010832636,0.6073426215510055,0.00010289798037966834,0.5737315247554571,0.5941019513632607,0.00011515892449553604,7.315796446957776e-10,0.00023278086756326686,660.0,0.0,660.0,660.0,1.0,0.0
660,3,0.1309238202347079,0.2749072732556856,5.224475233301303e-05,6.402571248511321e-05,71.49976275162771,123.41719721985046,84.03419012902303,0.6069997402215112,0.00012116390842760776,0.572388829736497,0.5922758189648561,0.00011288133395134216,8.202883557297095e-10,0.00022515222880405657,660.0,0.0,660.0,660.0,1.0,0.0
660,4,0.12980633680817139,0.2700220596081157,5.1843782459816895e-05,6.33620884862343e-05,70.86674899794161,160.23775194189574,80.96144995652138,0.6045405182154275,0.00013179546148630998,0.5735280634820918,0.5856910274322611,0.00011121737756472539,6.846530695974004e-10,0.00016566677422393726,660.0,0.0,660.0,660.0,1.0,0.0
710,0,0.12864768814061492,0.2653394133719798,5.130902018144304e-05,6.244776879057979e-05,62.81162050378043,60.393598622479345,72.30966511415316,0.6264960906853716,0.0002998777813971291,0.5770038200689774,0.5996910532662815,0.00010117076131488288,7.767376753725001e-10,0.0002398388319278989,710.0,0.0,710.0,710.0,1.0,0.0
710,1,0.13032343360419926,0.27214087247609203,5.204607954034e-05,6.36475029154415e-05,67.22577175183687,117.06523656101618,81.39090004842728,0.6350909997070899,9.64596297537504e-05,0.6012918659529308,0.6172457181435503,0.00010414557682894465,6.011783818984457e-10,0.00021097073635029147,710.0,0.0,710.0,710.0,1.0,0.0
710,2,0.12977750339665295,0.27006514839832807,5.1769202523223965e-05,6.318713997431254e-05,68.31714400323108,162.57436868184138,88.13978518592191,0.6297090867325026,0.00020831409426348387,0.5884581253859484,0.6044960153839666,0.0001010442167454197,7.360066333239229e-10,0.00021159068773178832,710.0,0.0,710.0,710.0,1.0,0.0
710,3,0.13062209121057033,0.2736090191088524,5.210989939276864e-05,6.36497194984007e-05,65.88138550694566,119.16864654917853,76.99398492695762,0.6323364726891549,0.00015025398587640204,0.5976574387333499,0.6108150231101209,0.00010321565993148293,7.281166198325636e-10,0.00021163320840493738,710.0,0.0,710.0,710.0,1.0,0.0
710,4,0.12891261688627423,0.2662942140206222,5.1456722066552725e-05,6.249756502375708e-05,63.41571450640913,61.18671652572371,72.71437005838376,0.6279442156166248,0.00024140300013303598,0.5866704419148357,0.6019507269667659,0.0001012971030245943,7.156731701813559e-10,0.00023787755750238302,710.0,0.0,710.0,710.0,1.0,0.0
760,0,0.12769021598929145,0.26143228303297295,5.0892687440305926e-05,6.182704764740531e-05,58.54974325338844,65.3152458751967,66.17755998158826,0.6492693313409059,0.0003988983447093309,0.5952297437805438,0.6138829464030062,0.00010401737903238052,5.056574581779125e-10,0.00022162621276199698,760.0,0.0,760.0,760.0,1.0,0.0
760,1,0.13029163630756954,0.27203233285854866,5.203133259312822e-05,6.323035021454488e-05,67.33499299793039,188.8119541441149,84.45316995494068,0.6571798844337196,0.00010483363884978021,0.625401265414357,0.6426841350961211,0.00010872298625237228,4.23506092858007e-10,0.00022136752715877465,760.0,0.0,760.0,760.0,1.0,0.0
760,2,0.12918868592925517,0.2676493124999746,5.1508513374542125e-05,6.250372769447839e-05,63.50695349799935,126.15830896424664,75.76219504699111,0.6513811865522028,0.00028562392038704727,0.6011565789632813,0.6232054404680991,0.00010527672679968305,4.488934395246355e-10,0.00018725667751220228,760.0,0.0,760.0,760.0,1.0,0.0
760,3,0.1293432022829063,0.26833109947707756,5.155106840803498e-05,6.256364129063408e-05,60.27143350627739,52.3134247994154,69.56700992304826,0.6508821584901108,0.00030004141918478803,0.5970026499348371,0.6225604704603386,0.00010433784405583225,4.983340320131399e-10,0.00020770274046699228,760.0,0.0,760.0,760.0,1.0,0.0
760,4,0.12814278775266746,0.26316845454900417,5.11235348283698e-05,6.197414695525774e-05,61.07087700103875,83.55437418175916,72.61145482771097,0.6507293941148429,0.00033532269069442677,0.598668157973699,0.6215042518320563,0.00010375175916820224,4.759401816682694e-10,0.00020837791167440322,760.0,0.0,760.0,760.0,1.0,0.0
810,0,0.13001568183926157,0.270950788963925,5.189207861341631e-05,6.3032080738037e-05,56.052104253321886,34.1635479941547,63.211340142879635,0.6788386367072091,0.00016753645680390872,0.6323267261189992,0.6644003889273924,9.910957397679258e-05,4.3669043231904947e-10,0.00016646125737792243,810.0,0.0,810.0,810.0,1.0,0.0
810,1,0.1314263738918594,0.2767215799555017,5.249551355509356e-05,6.384082215592133e-05,62.1486544952495,123.24822822583006,77.78050012420861,0.6832711705956609,4.1850636834659463e-05,0.6612797636643686,0.6743763571337659,0.00010114327647973951,4.748260263422112e-10,0.00018883067057368433,810.0,0.0,810.0,810.0,1.0,0.0
810,2,0.13140931495382027,0.27681288953189126,5.244631580120434e-05,6.371671339548887e-05,60.573276998475194,145.80398194169655,69.20629986561833,0.6816465925705455,7.494179968266437e-05,0.64671129786556,0.6688439616411456,9.93755614052259e-05,5.193631005984455e-10,0.000206333258922084,810.0,0.0,810.0,810.0,1.0,0.0
810,3,0.13158578972004492,0.27761432758341437,5.2505989165117355e-05,6.381345551426641e-05,56.920953001827,29.500496326577085,62.731190142221735,0.6816763006363297,7.123184922278607e-05,0.6455409851347993,0.6695777967442812,9.9260447632116e-05,5.819395503988211e-10,0.00019065750487474585,810.0,0.0,810.0,810.0,1.0,0.0
810,4,0.12998484768344257,0.2707181908658998,5.191074934130748e-05,6.298820515020607e-05,57.76269874826539,48.517320535152386,64.95428502094,0.6797603569054255,0.00012159976161876973,0.6312527231152871,0.6657912343440592,9.905570065338227e-05,4.716063045296689e-10,0.00020872495924488597,810.0,0.0,810.0,810.0,1.0,0.0
860,0,0.13091724017819625,0.27463849660070666,5.226689882597695e-05,6.37948226673314e-05,54.16889599291608,33.23506176330364,59.68051506206393,0.7041539392262925,4.5406300049540564e-05,0.6832216822924058,0.6948406441117384,9.370467076231702e-05,3.703418591641206e-10,0.00019636359232958023,860.0,0.0,860.0,860.0,1.0,0.0
860,1,0.13116216225535235,0.2756023534627762,5.2385386157537744e-05,6.391152253728566e-05,56.363702493254095,53.33666920572516,63.96529488265513,0.7051007102279323,2.9765681705963787e-05,0.6879236847368881,0.6982591319155597,9.676541866326642e-05,3.7239679263464816e-10,0.0001832904475147878,860.0,0.0,860.0,860.0,1.0,0.0
860,2,0.13115535355178876,0.27571881625743033,5.2340895074798144e-05,6.39954024670439e-05,57.38987524877302,49.28796339530992,65.3494198922999,0.7041499818088266,4.179438291467069e-05,0.6787702775793297,0.6956821401914377,9.356078119722132e-05,4.082738047930491e-10,0.00020148555373262917,860.0,0.0,860.0,860.0,1.0,0.0
860,3,0.13149170168443033,0.2771716626865373,5.246099849661917e-05,6.416747923812048e-05,55.00884150271304,33.91138898562249,62.02383004128932,0.7041350968800737,4.402755127791095e-05,0.6757041519790317,0.6956764755924368,9.466541005979646e-05,4.1877962046392274e-10,0.00020975078006539355,860.0,0.0,860.0,860.0,1.0,0.0
860,4,0.13062267171532618,0.2733197452669655,5.2174495118895595e-05,6.350801381241099e-05,54.7933849983383,33.08231363662869,60.697689885273576,0.7039951106297948,4.4519871698030976e-05,0.6864792168171343,0.6946661673075943,9.190420447241276e-05,3.719130772092563e-10,0.00017484315234145195,860.0,0.0,860.0,860.0,1.0,0.0
910,0,0.132750796207,0.2823480301792946,5.301212978481067e-05,6.406071089372654e-05,51.78799149405677,25.53678087636529,56.44689999753609,0.7290045575294475,2.0752184217121538e-05,0.7045234114847352,0.7227514170753155,9.022793795286748e-05,3.4710352363412397e-10,0.0001839238850483624,910.0,0.0,910.0,910.0,1.0,0.0
910,1,0.1323701444846234,0.28067525554807615,5.287099355801049e-05,6.411877088534322e-05,55.42346449859906,64.44360637187695,67.06786992726846,0.7292760898106679,2.088479840008338e-05,0.7144751046832489,0.7226094792434954,9.663669689932417e-05,2.5169299311569915e-10,0.00016674272303357355,910.0,0.0,910.0,910.0,1.0,0.0
910,2,0.1329769336943478,0.28337937587029943,5.3078039337596686e-05,6.428206886833712e-05,54.91573774605058,52.29114970252118,62.2824250604026,0.7295119936327369,2.1723098563696235e-05,0.7041922735816601,0.7239813249601974,8.96311880678452e-05,3.7327374083186277e-10,0.00018199112739656845,910.0,0.0,910.0,910.0,1.0,0.0
910,3,0.13328217444453305,0.28472286169438743,5.318539242341051e-05,6.434679504869415e-05,53.19187774963211,39.39855998591023,60.19467510050162,0.7293219960353647,2.119035546141697e-05,0.6999215454127051,0.7243137659759195,9.317898223103924e-05,3.080044898667305e-10,0.00018624755172828012,910.0,0.0,910.0,910.0,1.0,0.0
910,4,0.13250114937884572,0.28119892241801864,5.293465438764621e-05,6.393124679851945e-05,55.09756525920238,66.30765490883502,64.31566005339846,0.7297332343313081,1.7493438065832293e-05,0.7145039663103447,0.7239819975360073,9.057823943569974e-05,3.270782385955078e-10,0.0001466839597552766,910.0,0.0,910.0,910.0,1.0,0.0
960,0,0.13295355650972213,0.2831850345986631,5.309131597665184e-05,6.409319959230018e-05,51.483082997146994,33.266391345105696,56.64386997232211,0.7495566910535857,1.1222626422858137e-05,0.7358912891326221,0.7458151431418663,9.230263967136579e-05,2.1232617889276072e-10,0.00016263121146359544,960.0,0.0,960.0,960.0,1.0,0.0
960,1,0.13242335276909098,0.2808877516527366,5.289146422599143e-05,6.410903063742134e-05,53.64035325299483,60.28027750431028,61.392650043126196,0.7503357675165785,1.2792873087608494e-05,0.7378604977261031,0.7461660811507654,9.663125396608738e-05,2.1720739448498998e-10,0.00015630590384999369,960.0,0.0,960.0,960.0,1.0,0.0
960,2,0.1329014574304907,0.28304340506930337,5.304540122384963e-05,6.425761386668176e-05,54.64347874862142,77.9961960846836,62.92497494723648,0.7491378321647695,1.638613164873989e-05,0.7316164280640265,0.743719687843977,9.516029153753099e-05,2.2635086728466574e-10,0.00016957392918056906,960.0,0.0,960.0,960.0,1.0,0.0
960,3,0.13352662974677118,0.28574718071081495,5.328343970287856e-05,6.437115481092421e-05,53.14568950096145,32.78937013241081,60.02161501673981,0.7503628945533068,1.5036833228515462e-05,0.7312795301263535,0.7456558060765308,9.171745787486869e-05,2.595252946904596e-10,0.00018041659757204363,960.0,0.0,960.0,960.0,1.0,0.0
960,4,0.1323920345979836,0.28072574591815863,5.289071651665755e-05,6.393620293794128e-05,54.67433549987618,78.7935838576409,72.85675999009976,0.7497412311675081,1.259774512770518e-05,0.7394202734518768,0.7455473101107609,9.327439262974129e-05,2.462543509045635e-10,0.00014041858386798628,960.0,0.0,960.0,960.0,1.0,0.0
